country,tercile,pop_terc,outmig_terc,inmig_terc,pop,year0,gdp,gdpshare_terc,ypc_terc,ypc_rel
AFG,t1,0.3333333333333333,0.24417181869023522,0.25120616020403363,29185.507,2010,37.23728418322597,0.14709923864355146,938.4068867650818,0.7354961932177573
AGO,t1,0.3333333333333333,0.23699363055328163,0.22794915394867776,23356.246,2010,105.89344662859713,0.08750067210757137,1983.5695667423367,0.4375033605378569
ALB,t1,0.33333333333333337,0.18804600465249927,0.26134327726688034,2948.023,2010,24.568445171853057,0.1683522719665287,7015.131095256982,0.8417613598326434
ARE,t1,0.33333333333333337,0.20821695279588728,0.3282379211213823,8549.988,2010,318.1423059818006,0.11456143644952595,21313.971182555862,0.5728071822476296
ARG,t1,0.33333333333333337,0.16462214326794655,0.21231433152861787,40895.752,2010,580.4274305865966,0.10638699839365985,7549.675590444256,0.5319349919682993
ARM,t1,0.3333333333333333,0.20996516676992638,0.36957605800520527,2877.319,2010,15.152619472187178,0.15842783054772883,4171.585823632844,0.7921391527386441
AUS,t1,0.33333333333333337,0.16738307845690076,0.3028209095121772,22154.679,2010,,0.14202506205576354,,
AUT,t1,0.3333333333333333,0.18446433203455073,0.2837552010296782,8409.949,2010,296.8320908711133,0.18351879249389028,32386.79978327064,0.9175939624694515
AZE,t1,0.3333333333333333,0.19260109552171262,0.3402271497823374,9032.461,2010,80.69556138880493,0.2333573686687037,10424.016150712061,1.1667868433435185
BDI,t1,0.3333333333333333,0.22596455661868856,0.3102425359267187,8675.602,2010,3.071832434435739,0.12315535165010372,218.0324798631424,0.6157767582505186
BEL,t1,0.33333333333333337,0.15699367144713583,0.22959980364070354,10938.739,2010,357.4760039013982,0.17664457861849264,28863.563741389717,0.8832228930924634
BEN,t1,0.3333333333333333,0.2206249175109017,0.2774249042928512,9199.259,2010,12.601266759843224,0.08500438587159974,582.20066536048,0.42502192935799876
BFA,t1,0.3333333333333333,0.2689921422782769,0.28156492076266054,15605.217,2010,18.55280683067076,0.09813548530731062,583.3589824930542,0.4906774265365531
BGD,t1,0.3333333333333333,0.20333783051241489,0.24389487882536726,147575.43,2010,221.29653749671897,0.12890873301277783,966.5245857259818,0.6445436650638892
BGR,t1,0.33333333333333337,0.19261362100816043,0.3401206814950104,7425.008,2010,86.64807456732147,0.13540304680233267,7900.606501683931,0.6770152340116633
BHR,t1,0.3333333333333333,0.17067041628938895,0.2246465479278794,1240.86,2010,,0.11456143644952595,,
BHS,t1,0.33333333333333326,0.15568493387211746,0.3547442268540565,354.942,2010,7.807282653717896,0.10858777118945981,11942.45006808658,0.542938855947299
BIH,t1,0.3333333333333333,0.17486161083893964,0.3556287984113828,3705.472,2010,27.618291411230114,0.15052880305784672,5609.74195545841,0.7526440152892336
BLR,t1,0.3333333333333333,0.19708065369421443,0.39233900023354307,9420.574,2010,118.57185022783123,0.13321421621996477,8383.489208752879,0.6660710810998238
BLZ,t1,0.3333333333333333,0.1633145479773856,0.23650163906748023,322.464,2010,2.064116123652634,0.07235706076824935,2315.814723377756,0.36178530384124674
BOL,t1,0.3333333333333333,0.14294834971227002,0.18351677032027108,10048.59,2010,43.19038245496415,0.06759540576007317,1452.6771551909505,0.33797702880036584
BRA,t1,0.3333333333333333,0.16556204097020788,0.22140025399171778,195713.635,2010,1960.360571240302,0.058458945502737364,2927.762590476946,0.2922947275136868
BRB,t1,0.33333333333333326,0.16623698939362655,0.2885907060426117,282.131,2010,,0.09360763907641295,,
BRN,t1,0.33333333333333337,0.17738675197061,0.2751480069028253,388.646,2010,,0.09977299204819347,,
BTN,t1,0.3333333333333333,0.22376926747049333,0.2519017846057105,685.503,2010,3.4700779256141154,0.10269974470682221,2599.376786632216,0.513498723534111
BWA,t1,0.3333333333333333,0.1416245429245079,0.172685762465464,1987.105,2010,25.011877248655928,0.03648400378794067,2296.1379098826433,0.18242001893970333
CAF,t1,0.3333333333333333,0.20826063017685686,0.23949065131062544,4386.768,2010,3.114341617734822,0.04662221902917693,165.49486664637163,0.23311109514588466
CAN,t1,0.3333333333333333,0.1572245639292945,0.3041398005134775,34147.564,2010,1202.022448380908,0.17027037494368713,29968.288949769012,0.8513518747184358
CHE,t1,0.3333333333333333,0.18531322223644675,0.2753426193075445,7808.675,2010,294.1234325595242,0.1560658669813474,29392.07259998143,0.780329334906737
CHL,t1,0.3333333333333333,0.1481558253644919,0.24359902040495207,17062.536,2010,232.67598646703658,0.06637740693988636,4525.830345167325,0.3318870346994318
CHN,t1,0.33333333333333326,0.14075286671783477,0.329885896089394,1.368810615e6,2010,9122.23735582665,0.09519427576347447,3172.041365380668,0.4759713788173724
CIV,t1,0.3333333333333333,0.22735257587336016,0.24052063904756757,20532.95,2010,33.62555719552731,0.08590172132945495,703.3799925869969,0.42950860664727475
CMR,t1,0.3333333333333333,0.20129693263815684,0.20815408232897023,20341.241,2010,40.33633919768043,0.08715184033758677,864.103176782328,0.43575920168793386
COG,t1,0.3333333333333333,0.1773045574178695,0.19339915357161602,4273.731,2010,15.395738933859421,0.0966634630133866,1741.107993222873,0.48331731506693304
COL,t1,0.3333333333333333,0.15371293869051234,0.21213683876261563,45222.7,2010,392.9319656512309,0.06715664520477843,2917.560495819124,0.33578322602389216
COM,t1,0.3333333333333333,0.18131808451952358,0.20471289909132775,689.692,2010,0.7228476586499929,0.047416451232764584,248.47954416678354,0.23708225616382292
CPV,t1,0.3333333333333333,0.17161481593811478,0.25232093352448004,492.654,2010,1.7724324826983509,0.07257974982956002,1305.6090703011878,0.36289874914780007
CRI,t1,0.3333333333333333,0.155705319799657,0.2523875645638288,4577.378,2010,48.34757655725869,0.0992946116028982,5243.890537546154,0.496473058014491
CYP,t1,0.33333333333333337,0.1361992208278045,0.295258404009209,1112.612,2010,20.86748019524659,0.15239444578480726,14291.091949754476,0.7619722289240363
CZE,t1,0.3333333333333333,0.2147515872403918,0.3493299201911189,10536.518,2010,237.48438989075598,0.17962727762545788,20243.250395728126,0.8981363881272894
DEU,t1,0.33333333333333337,0.19953568853826062,0.3275720242011078,80827.002,2010,2732.530581525656,0.16866807158522568,28510.93399044961,0.8433403579261283
DJI,t1,0.3333333333333333,0.230543113163008,0.21176067037176682,840.198,2010,,0.0810003162485715,,
DNK,t1,0.33333333333333337,0.19544202756768608,0.2183728516747938,5554.844,2010,180.18107233543262,0.19575103119139292,31747.63387669563,0.9787551559569645
DOM,t1,0.3333333333333333,0.15846817790513457,0.21654050050564547,9695.121,2010,83.25965238571035,0.0791402997521702,3398.200933782369,0.39570149876085103
DZA,t1,0.3333333333333333,0.16190213022465594,0.1980574318467126,35977.455,2010,266.7489955430523,0.1151613077244032,4269.224040570532,0.575806538622016
ECU,t1,0.3333333333333333,0.15037181701703373,0.19711463375644833,15011.117,2010,104.16045056561055,0.12038008152821913,4176.519152806629,0.6019004076410958
EGY,t1,0.3333333333333333,0.1577492456575057,0.18152456315741686,82761.235,2010,449.69771028357724,0.13414267335900446,3644.438912787014,0.6707133667950222
ERI,t1,0.3333333333333333,0.22779933200188146,0.23872699292222732,3170.435,2010,2.5727180400342684,0.08335543367377493,338.20284589875,0.41677716836887463
ESP,t1,0.33333333333333326,0.14903003658814784,0.2331787289943932,46931.015,2010,1241.1808508034314,0.15237177483220835,20148.821533549744,0.7618588741610417
EST,t1,0.33333333333333337,0.19090546723024227,0.30361864636802466,1332.101,2010,22.19232056647319,0.14163081294409854,11797.59043400476,0.7081540647204926
ETH,t1,0.3333333333333333,0.2421149129306816,0.2654825642760754,87639.964,2010,77.46141058939929,0.12393999850100729,547.7276960278109,0.6196999925050365
FIN,t1,0.3333333333333333,0.169103236973477,0.2778780906241075,5365.782,2010,170.18210089451856,0.19003671109844078,30136.19146455943,0.950183555492204
FJI,t1,0.3333333333333333,0.14643109824924352,0.20583578867793256,859.818,2010,3.593228937193344,0.08729129082475108,1823.9766564345912,0.43645645412375544
FRA,t1,0.3333333333333333,0.14239638103365013,0.24662805603131613,62879.53,2010,1923.4567058101813,0.17366918171560308,26562.313058275377,0.8683459085780153
GAB,t1,0.3333333333333333,0.1751634174608453,0.19245661215761556,1624.14,2010,20.323025929791424,0.0893961967402163,5593.117663428497,0.4469809837010816
GBR,t1,0.33333333333333337,0.16299484195492767,0.20054649333228675,63459.808,2010,2004.6729970493316,0.14650215832077568,23139.75806506577,0.7325107916038784
GEO,t1,0.33333333333333326,0.18717106662928973,0.3464587648620302,4099.099,2010,20.263823670800313,0.1141653490630714,2821.8719561657895,0.5708267453153569
GHA,t1,0.3333333333333333,0.1948106572683775,0.20172818374895546,24779.619,2010,35.96723260218319,0.08732617057668758,633.7629100329686,0.4366308528834379
GIN,t1,0.3333333333333333,0.2393505624933412,0.266091249897814,10192.176,2010,9.765701606915952,0.11706111498737964,560.8144515654099,0.5853055749368983
GMB,t1,0.3333333333333333,0.21807205500602656,0.2925024028140672,1793.196,2010,2.186734535038491,0.07213471130427122,439.82772765520696,0.3606735565213561
GNB,t1,0.3333333333333333,0.21035977191173819,0.29536485268017265,1522.599,2010,1.6123650962897051,0.061950555796862886,328.0145128908188,0.3097527789843144
GNQ,t1,0.3333333333333333,0.1957968036585621,0.1828106469804598,943.639,2010,21.821722943288368,0.08335543367377493,9638.003407271033,0.41677716836887463
GRC,t1,0.33333333333333326,0.12510174422659812,0.2851709319394132,10887.637,2010,273.91606436762675,0.14605979085717405,18373.189276036566,0.7302989542858702
GTM,t1,0.3333333333333333,0.18101252041533758,0.22404453095483973,14630.417,2010,61.759711046089826,0.06632289624139243,1399.8517293144116,0.33161448120696213
GUY,t1,0.3333333333333333,0.17089632720974957,0.2268527268112686,749.436,2010,2.324123376335187,0.10265443217796973,1591.7407591124154,0.5132721608898485
HKG,t1,0.33333333333333326,0.12310192693440941,0.3176937878711194,6966.331,2010,294.82649220993306,0.06785145452854723,14357.921214189619,0.3392572726427362
HND,t1,0.3333333333333333,0.19419272439679577,0.24623511183505634,8317.47,2010,26.743905632259654,0.05979233528573721,961.2782326922642,0.29896167642868604
HRV,t1,0.33333333333333326,0.17274523068065198,0.3498751760894913,4328.165,2010,71.32306919985523,0.15537434424273736,12801.932350438214,0.7768717212136868
HTI,t1,0.3333333333333333,0.1967013225962519,0.2628945033865704,9949.322,2010,9.956484182443043,0.05071176334118814,253.74134517424136,0.2535588167059407
HUN,t1,0.3333333333333333,0.1746006965671597,0.32407079364872815,9927.37,2010,169.58333981672405,0.18160719384851565,15511.436799260282,0.9080359692425783
IDN,t1,0.3333333333333333,0.16858147065791124,0.1931181744262989,241834.215,2010,930.654243069005,0.11420510712496892,2197.486148227673,0.5710255356248446
IND,t1,0.3333333333333333,0.20095529156975286,0.21611688517245298,1.23428117e6,2010,3762.85903426931,0.13294744220713664,2026.5337272872805,0.6647372110356833
IRL,t1,0.3333333333333333,0.1313467646524535,0.20247929806276851,4554.321,2010,158.69425169856387,0.15706804087741605,27364.996025533757,0.7853402043870803
IRN,t1,0.3333333333333333,0.17965455990703386,0.25361325551916625,73762.519,2010,,0.09841269935803892,,
IRQ,t1,0.3333333333333333,0.16945027231016946,0.19010123372425458,29741.976,2010,102.33683473956987,0.13349906113230867,2296.7322946170098,0.6674953056615434
ISL,t1,0.33333333333333326,0.1938214067680505,0.19559307075615243,320.328,2010,10.424296846141504,0.17895027647235878,29117.510842744934,0.894751382361794
ISR,t1,0.3333333333333333,0.1688489023703752,0.21322543288157264,7346.446,2010,198.39693578787308,0.13323642929677226,17990.80760125183,0.6661821464838613
ITA,t1,0.33333333333333337,0.14944544497831777,0.26220767381161914,59325.229,2010,1618.1343332536792,0.15756023265693594,21487.79080293357,0.7878011632846796
JAM,t1,0.3333333333333333,0.15514346847916857,0.24815931374924696,2810.46,2010,18.598366288097807,0.05061433203146288,1674.7149693440724,0.2530716601573144
JOR,t1,0.3333333333333333,0.1496753760464805,0.1853244495737595,7261.539,2010,31.185202046176876,0.12192131327168934,2617.999289209118,0.6096065663584467
JPN,t1,0.33333333333333326,0.16080865517263576,0.3633940248610026,128542.353,2010,3896.5514045376885,0.1547761925232129,23458.936929734,0.7738809626160644
KAZ,t1,0.3333333333333333,0.18548786941702938,0.2762945720104794,16252.279,2010,178.17950208704036,0.1770366661300642,9704.578976955921,0.8851833306503208
KEN,t1,0.3333333333333333,0.18388896382305603,0.20879767278794498,42030.676,2010,60.00720525074013,0.06843769784664938,488.5425803729668,0.34218848923324696
KGZ,t1,0.3333333333333333,0.1789939354119615,0.2002827662348912,5422.293,2010,10.941166058415098,0.1753274316354777,1768.888682444108,0.8766371581773884
KHM,t1,0.3333333333333333,0.1935652413539138,0.27294867927300176,14312.212,2010,27.82594768872584,0.1300914426070868,1264.6255088785988,0.650457213035434
KOR,t1,0.3333333333333333,0.12609161178900186,0.34102968485885965,49545.636,2010,1320.9341413851619,0.12609968709141123,16809.692572826283,0.6304984354570562
KWT,t1,0.3333333333333333,0.18688977169117188,0.19362424810166978,2991.884,2010,,0.11456143644952595,,
LAO,t1,0.3333333333333333,0.17139347045564018,0.245290516939954,6249.165,2010,14.310417684512124,0.10611823706289268,1215.0393663105947,0.5305911853144634
LBN,t1,0.3333333333333333,0.1308773412861428,0.2081467740443056,4953.061,2010,53.34693262610232,0.10858777118945981,5847.72175596336,0.542938855947299
LBR,t1,0.3333333333333333,0.23811534312501786,0.28195350598613395,3891.356,2010,1.5004018519160238,0.11061455949648658,213.2499441292491,0.5530727974824329
LBY,t1,0.3333333333333333,0.14497459875596463,0.19629488124533936,6197.663,2010,,0.11456143644952595,,
LCA,t1,0.3333333333333333,0.16465238965193696,0.28450255135644836,174.085,2010,1.6916206815068073,0.11022338139283028,5355.31928511142,0.5511169069641514
LKA,t1,0.3333333333333333,0.14496168862684022,0.18619970747314135,20261.737,2010,95.01787973544018,0.1055561893135881,2475.040837202129,0.5277809465679405
LSO,t1,0.3333333333333333,0.18835523076044283,0.2293938701500835,1995.581,2010,3.005551603272059,0.05202676131048693,391.78844624644836,0.2601338065524347
LTU,t1,0.3333333333333333,0.17522989472078992,0.3220243522887451,3123.816,2010,51.10761322672455,0.13840967975208465,11322.351219797121,0.6920483987604233
LUX,t1,0.3333333333333333,0.1590127813035267,0.28420323565999583,507.889,2010,34.85205788155859,0.17173915632095477,58924.91289069024,0.8586957816047739
LVA,t1,0.3333333333333333,0.22116419906412263,0.33344466435308395,2118.861,2010,29.018886899605953,0.13725255104006887,9398.720008802256,0.6862627552003443
MAC,t1,0.33333333333333326,0.13414777404384784,0.2584058810386791,538.219,2010,31.074797594640224,0.10421235845363858,30084.203138563604,0.5210617922681928
MAR,t1,0.3333333333333333,0.1779765013035705,0.21827492714716612,32343.389,2010,137.29319861913058,0.0946209092648667,2008.2631552964467,0.4731045463243335
MDA,t1,0.3333333333333333,0.19837913145424096,0.28392673326437134,4086.081,2010,9.936478992790411,0.16164990018578473,1965.4906955866963,0.8082495009289236
MDG,t1,0.3333333333333333,0.21723350898747007,0.2123484273891844,21151.64,2010,17.99875107244465,0.0949477374017782,403.973566680042,0.474738687008891
MDV,t1,0.3333333333333333,0.18197850325548887,0.3178296383436192,365.734,2010,2.4148692646945826,0.10944304054466847,3613.1537517163147,0.5472152027233423
MEX,t1,0.3333333333333333,0.14914292977592172,0.22865037517476783,114092.963,2010,1411.0937527544643,0.06731843987972463,4162.948680693673,0.3365921993986231
MKD,t1,0.3333333333333333,0.1770011512690191,0.3108228713838334,2070.741,2010,18.953813317847356,0.10455070048165407,4784.8438292848905,0.5227535024082703
MLI,t1,0.3333333333333333,0.2565605142214301,0.2907993650411252,15049.353,2010,14.677897111037344,0.12447824134649416,607.0290261138521,0.6223912067324707
MLT,t1,0.33333333333333337,0.1314764485014995,0.26848456613017263,414.253,2010,9.477672411719086,0.1765241356974226,20193.43168187096,0.8826206784871129
MMR,t1,0.3333333333333333,0.1793987035774738,0.211556978872564,50600.818,2010,83.90582295634557,0.10436031361175568,865.2466841125645,0.5218015680587784
MNE,t1,0.3333333333333333,0.18318032864395414,0.3087522647472342,624.275,2010,6.41996194841101,0.16164990018578473,8311.93150580414,0.8082495009289237
MNG,t1,0.3333333333333333,0.15333519046986377,0.21769466091392692,2719.896,2010,9.977397597265247,0.12102015136093114,2219.691795953285,0.6051007568046558
MOZ,t1,0.3333333333333333,0.24752512720145609,0.269337095175388,23531.574,2010,19.76565994514302,0.07779519999361341,326.72558759523594,0.3889759999680671
MRT,t1,0.3333333333333333,0.24240437114431204,0.21283856055481692,3494.195,2010,6.033414762325536,0.10673303398639235,921.4778552446168,0.5336651699319618
MUS,t1,0.3333333333333333,0.1678712345218976,0.24269412323462616,1247.955,2010,15.738374807760245,0.11325936162950354,7141.75704978459,0.5662968081475176
MWI,t1,0.3333333333333333,0.21158801726852086,0.27175943202758923,14539.612,2010,11.791209492076325,0.07602594130022872,308.27432007927524,0.3801297065011435
MYS,t1,0.3333333333333333,0.13352009351141525,0.28088639079807565,28208.035,2010,375.28812665633484,0.07557053367182008,5027.0648083279875,0.3778526683591004
NAM,t1,0.3333333333333333,0.18151852470572252,0.20358917955157063,2118.874,2010,13.259206323635928,0.035343887934343815,1105.85127383915,0.17671943967171908
NER,t1,0.3333333333333333,0.25961759596039463,0.28323745726883903,16464.025,2010,10.129710316346669,0.13115179944743738,403.4644431936102,0.655758997237187
NGA,t1,0.3333333333333333,0.21005289516021677,0.19230808006062222,158503.197,2010,338.3065897384573,0.08662987761230106,924.5068559871858,0.4331493880615053
NIC,t1,0.3333333333333333,0.18791895790515223,0.23314922214647935,5824.065,2010,15.128172852787909,0.09824632510079748,1275.9879811403716,0.4912316255039874
NLD,t1,0.33333333333333337,0.16963242953145624,0.25203209655943126,16682.917,2010,614.724900948884,0.1798401829615523,33133.3659028782,0.8992009148077617
NOR,t1,0.3333333333333333,0.18837084920833916,0.20582974394709191,4885.878,2010,228.31191505078243,0.18634856213478881,43539.356782909184,0.931742810673944
NPL,t1,0.3333333333333333,0.18187949615340662,0.28581538949856045,27013.212,2010,32.21794348738442,0.12568297177209223,749.4937813910834,0.6284148588604611
NZL,t1,0.3333333333333333,0.1523476677602537,0.2755160556916872,4370.062,2010,,0.15177167396275532,,
OMN,t1,0.3333333333333333,0.15040538382112906,0.2654993687841762,3041.434,2010,,0.11456143644952595,,
PAK,t1,0.3333333333333333,0.23055414095229942,0.21646919132772616,179424.641,2010,418.50810929459686,0.1391697350322905,1623.067555124547,0.6958486751614524
PAN,t1,0.3333333333333333,0.1556230872640903,0.2101979700890022,3642.687,2010,42.93011386179749,0.07078684037970427,4171.216354050716,0.3539342018985214
PER,t1,0.3333333333333333,0.13717999280735868,0.19847118019365378,29027.674,2010,248.75934295434868,0.09054115581972351,3879.5665184957165,0.4527057790986176
PHL,t1,0.3333333333333333,0.15703958183829234,0.1553950426745362,93966.78,2010,332.0546077828365,0.10525807841235132,1859.7758667046146,0.5262903920617567
PNG,t1,0.3333333333333333,0.17882189229259518,0.20600548437632665,7310.507,2010,15.207027572085849,0.08349639116081121,868.4294554072114,0.41748195580405606
POL,t1,0.33333333333333337,0.18446212554473138,0.3399976987569709,38329.781,2010,662.5675308389051,0.1351154595382123,11678.010422809006,0.6755772976910616
PRT,t1,0.3333333333333333,0.12686833040092563,0.25450374794134245,10596.058,2010,230.60379712874197,0.13212161771699016,14376.925234049302,0.6606080885849507
PRY,t1,0.3333333333333333,0.16143157014823975,0.19355935971435836,6248.02,2010,29.996266772241036,0.07447018674928604,1787.6283913225259,0.37235093374643025
QAT,t1,0.3333333333333333,0.23670314649580215,0.2249289810157046,1856.327,2010,,0.09578547002463081,,
ROU,t1,0.33333333333333337,0.17585892229988073,0.26691634936737957,20471.864,2010,234.34902635574073,0.17806588962748138,10191.931682764463,0.8903294481374068
RUS,t1,0.3333333333333333,0.18590380066739187,0.39383728443537686,143479.274,2010,2010.3775271968639,0.11632185487257032,8149.290013750361,0.5816092743628516
RWA,t1,0.3333333333333333,0.21645501024922015,0.3049433331021346,10039.338,2010,11.086926552034237,0.05996590110466976,331.11622557882913,0.29982950552334875
SAU,t1,0.3333333333333333,0.13935893727531232,0.2103089982439138,27421.461,2010,559.2363116192045,0.11456143644952595,11681.893093484476,0.5728071822476297
SDN,t1,0.3333333333333333,0.22931444095925563,0.2321310969075142,34545.013,2010,88.12522030382412,0.11492189637951099,1465.8436278743989,0.574609481897555
SEN,t1,0.3333333333333333,0.24659219212541603,0.23213096251601195,12678.148,2010,21.58159603963768,0.09622397684081765,818.9946187353145,0.48111988420408824
SGP,t1,0.3333333333333333,0.11108197253130982,0.3938069685230315,5131.172,2010,263.8333946265791,0.07222996234487543,18569.51604740444,0.3611498117243771
SLB,t1,0.3333333333333333,0.19933654458117137,0.19019105610723,527.861,2010,1.307751094944226,0.09688357324320393,1200.1227500318175,0.4844178662160196
SLE,t1,0.3333333333333333,0.22777484060727832,0.30802608924132835,6415.634,2010,4.351883435502898,0.12057077704105884,408.930720962805,0.6028538852052941
SLV,t1,0.3333333333333333,0.16510298666230294,0.23056276234414705,6183.875,2010,37.04142334866409,0.11081040036257828,3318.772574854135,0.5540520018128914
SRB,t1,0.3333333333333333,0.17416670308373197,0.32413243060616315,8991.254,2010,70.04375295597576,0.1662782985088483,6476.713961530707,0.8313914925442414
STP,t1,0.3333333333333333,0.1866921793139079,0.23702640751348858,180.371,2010,0.2810829464932609,0.13384213715660231,1042.871145498249,0.6692106857830117
SUR,t1,0.3333333333333333,0.1634191228029941,0.21352161245505816,529.131,2010,,0.05918683641452223,,
SVK,t1,0.33333333333333326,0.2023471024923535,0.34746226342282127,5404.294,2010,109.48990695010632,0.1788433251733958,18116.6485686037,0.8942166258669789
SVN,t1,0.3333333333333333,0.18124087584624066,0.2874464425051976,2043.337,2010,51.32285473442756,0.18972018866721893,23826.176698106738,0.9486009433360946
SWE,t1,0.33333333333333326,0.16561552370550445,0.2524843292367743,9390.168,2010,316.7771014367621,0.17791868876336706,30010.414359939477,0.8895934438168352
SWZ,t1,0.3333333333333333,0.15633588543263213,0.1968933273169584,1064.837,2010,5.637987396627411,0.059647889293793055,1579.086977978002,0.29823944646896533
SYR,t1,0.3333333333333333,0.1599316850273683,0.2162165213605986,21362.529,2010,96.93430163252933,0.11341121775351344,2573.0654807376827,0.5670560887675673
TCD,t1,0.3333333333333333,0.2518542251900854,0.3054103981051414,11952.136,2010,13.798873589621824,0.08541796428481403,493.0799362762357,0.42708982142407015
TGO,t1,0.3333333333333333,0.201089502470187,0.2991892663277807,6421.679,2010,5.396533630046934,0.07635206193620779,320.8167754587015,0.38176030968103897
THA,t1,0.33333333333333326,0.1570857138527426,0.31134314520538015,67195.028,2010,530.3670868449135,0.11255325701818666,4441.886908629794,0.5627662850909334
TJK,t1,0.3333333333333333,0.1454827141478732,0.17363006935348044,7527.394,2010,13.345545695584383,0.1609936896687298,1427.1530374089389,0.8049684483436488
TKM,t1,0.3333333333333333,0.1843596005475193,0.29683609097339053,5087.213,2010,37.4197200458013,0.11740741372046345,4318.034798937368,0.5870370686023172
TON,t1,0.3333333333333333,0.15054109863735385,0.19367424076561232,103.986,2010,0.42274293433913285,0.12840344061157372,2610.0459323071013,0.6420172030578686
TTO,t1,0.33333333333333326,0.13012012709774295,0.25597823928631713,1328.147,2010,30.961003519141737,0.11943054791885116,13920.483253768509,0.5971527395942559
TUN,t1,0.3333333333333333,0.14468398158556606,0.22396235985598414,10635.244,2010,90.36665459033907,0.11325276128421909,4811.489590823282,0.5662638064210955
TUR,t1,0.33333333333333337,0.14345474432042893,0.2525795451987517,72326.988,2010,912.795531850223,0.12036678204451715,7595.384784544387,0.6018339102225857
TZA,t1,0.3333333333333333,0.20339841692594923,0.24041855884540358,44346.525,2010,56.24235848107449,0.10558170558629724,669.5185400240262,0.5279085279314862
UGA,t1,0.3333333333333333,0.1918481402024131,0.253620779871417,32428.167,2010,38.150724958789226,0.08659513493430555,509.38234893879934,0.4329756746715278
UKR,t1,0.3333333333333333,0.204161122515154,0.38754802625380225,45792.09,2010,276.5484230127072,0.19134029297897137,5777.728891837423,0.956701464894857
URY,t1,0.3333333333333333,0.1805594289551194,0.25855341323120945,3359.275,2010,43.309135496432084,0.10715670759202013,6907.538633268119,0.5357835379601006
USA,t1,0.33333333333333326,0.19472831865303308,0.3306622412940843,309011.475,2010,13084.55659,0.11947391533472171,25294.58179871856,0.5973695766736086
UZB,t1,0.3333333333333333,0.1805031560388139,0.27409749875799216,28515.909,2010,78.64829417327228,0.14057199197582074,1938.5226992829196,0.7028599598791038
VCT,t1,0.3333333333333333,0.1781520444835766,0.24173227037567113,108.255,2010,1.0830206594966636,0.08556264801812816,4279.992401499887,0.42781324009064076
VEN,t1,0.3333333333333333,0.15140383587008002,0.16602817758327615,28439.94,2010,316.3966012244212,0.093824318688147,5219.015150019068,0.469121593440735
VNM,t1,0.33333333333333337,0.17191762454213635,0.21428273764010847,87967.651,2010,249.92344410750056,0.09472979069133225,1345.676238936993,0.4736489534566613
VUT,t1,0.3333333333333333,0.21884116517746544,0.1869072949663656,236.211,2010,0.9565630385219908,0.10789042700489407,2184.572155471941,0.5394521350244704
WSM,t1,0.3333333333333333,0.16546470468202154,0.13749543597236427,185.949,2010,0.7218842878104964,0.08760545523609004,1700.4931906441868,0.4380272761804501
YEM,t1,0.3333333333333333,0.23530302913723097,0.26269481359037455,23154.855,2010,,0.11293616987742544,,
ZAF,t1,0.3333333333333333,0.16882152605645834,0.1816754882165792,51216.964,2010,473.7724133922748,0.03020492305475843,1397.0233858434935,0.15102461527379216
ZMB,t1,0.3333333333333333,0.19421255002776514,0.21667571015549336,13605.984,2010,18.111837393999384,0.04821744462791635,320.9273642593546,0.24108722313958178
AFG,t2,0.3333333333333333,0.24417181869023522,0.25120616020403363,29185.507,2010,37.23728418322597,0.27853461544141356,1776.8875199011406,1.3926730772070677
AGO,t2,0.3333333333333333,0.23861669674765157,0.256379234705892,23356.246,2010,105.89344662859713,0.22285130070883438,5051.859001169195,1.1142565035441716
ALB,t2,0.3333333333333333,0.30232365175400727,0.22960739629355786,2948.023,2010,24.568445171853057,0.2921206358471876,12172.479362234422,1.460603179235938
ARE,t2,0.3333333333333333,0.3055872011713544,0.26564475676836813,8549.988,2010,318.1423059818006,0.25192758071497984,46870.7216133402,1.259637903574899
ARG,t2,0.33333333333333337,0.27668203443515965,0.3123071513550153,40895.752,2010,580.4274305865966,0.24390981773198644,17308.88195930741,1.219549088659932
ARM,t2,0.3333333333333333,0.35882150863409223,0.3926888972430619,2877.319,2010,15.152619472187178,0.28610533787275627,7533.480496509803,1.4305266893637814
AUS,t2,0.3333333333333333,0.33529621418056654,0.3756855200315159,22154.679,2010,,0.2748826191303259,,
AUT,t2,0.3333333333333333,0.25571882556561354,0.27098743909750855,8409.949,2010,296.8320908711133,0.3002958936155806,52995.24288549324,1.5014794680779031
AZE,t2,0.3333333333333333,0.3174205075876332,0.3463778443362244,9032.461,2010,80.69556138880493,0.3197910293849462,14284.98647451788,1.598955146924731
BDI,t2,0.3333333333333333,0.264813992400509,0.2697721600099315,8675.602,2010,3.071832434435739,0.25973348220750897,459.8284562581156,1.298667411037545
BEL,t2,0.3333333333333333,0.263999332787907,0.24446526892028944,10938.739,2010,357.4760039013982,0.29673635114929736,48486.45032171117,1.4836817557464872
BEN,t2,0.3333333333333333,0.23918611273435203,0.2733537169321334,9199.259,2010,12.601266759843224,0.2197688220296199,1505.2112088004862,1.0988441101480997
BFA,t2,0.3333333333333333,0.2689921422782769,0.28156492076266054,15605.217,2010,18.55280683067076,0.2351734953685697,1397.9710859729535,1.1758674768428488
BGD,t2,0.33333333333333337,0.278926004344595,0.28570584295574686,147575.43,2010,221.29653749671897,0.2646290225007602,1984.1204731898654,1.3231451125038012
BGR,t2,0.3333333333333333,0.24993357365250446,0.25799210955382923,7425.008,2010,86.64807456732147,0.26985762808258473,15745.871169876385,1.3492881404129236
BHR,t2,0.33333333333333326,0.31246862024414923,0.3355696570178726,1240.86,2010,,0.25192758071497984,,
BHS,t2,0.3333333333333333,0.3382336780750219,0.34437667917729864,354.942,2010,7.807282653717896,0.2461283055309013,27069.116226881913,1.2306415276545064
BIH,t2,0.3333333333333333,0.3069343189661552,0.26507574548203605,3705.472,2010,27.618291411230114,0.28090953057624946,10468.627580570996,1.4045476528812473
BLR,t2,0.3333333333333333,0.384869017249323,0.4192445490494173,9420.574,2010,118.57185022783123,0.26812952584254246,16874.03229350003,1.3406476292127123
BLZ,t2,0.3333333333333333,0.2842799192954587,0.2377268341780244,322.464,2010,2.064116123652634,0.20289522473340685,6493.737359586648,1.0144761236670343
BOL,t2,0.3333333333333333,0.27349989701727684,0.2639751758362666,10048.59,2010,43.19038245496415,0.19593885337557604,4210.876359309253,0.9796942668778803
BRA,t2,0.33333333333333337,0.3081147306478658,0.2158585775353617,195713.635,2010,1960.360571240302,0.18151452230762605,9090.677628040283,0.9075726115381302
BRB,t2,0.3333333333333333,0.2772556381063951,0.24940192682709258,282.131,2010,,0.23008151161180745,,
BRN,t2,0.3333333333333333,0.3077126865018246,0.2270839800479934,388.646,2010,,0.2369616038325948,,
BTN,t2,0.33333333333333337,0.2633615445097509,0.32312655523055944,685.503,2010,3.4700779256141154,0.24008945680304344,6076.7722695956445,1.200447284015217
BWA,t2,0.33333333333333326,0.2902429664045222,0.30140677202456106,1987.105,2010,25.011877248655928,0.139293802995101,8766.520898523046,0.6964690149755048
CAF,t2,0.3333333333333333,0.2612498431347657,0.21023686076231135,4386.768,2010,3.114341617734822,0.1603215626792828,569.0933676825082,0.801607813396414
CAN,t2,0.3333333333333333,0.2507808357005515,0.3686498355877223,34147.564,2010,1202.022448380908,0.29322056781188954,51608.03049331535,1.466102839059448
CHE,t2,0.3333333333333333,0.24956318735365182,0.2608406926722,7808.675,2010,294.1234325595242,0.2845908073234718,53597.32933235516,1.4229540366173588
CHL,t2,0.3333333333333333,0.2711752650704878,0.33758767061092676,17062.536,2010,232.67598646703658,0.19410070253514783,13234.425538006291,0.970503512675739
CHN,t2,0.33333333333333326,0.3024444351491496,0.09630244878954147,1.368810615e6,2010,9122.23735582665,0.23189100355774864,7727.017718717155,1.159455017788743
CIV,t2,0.3333333333333333,0.24051800841110663,0.23498023711057092,20532.95,2010,33.62555719552731,0.22088566881212746,1808.6547939566633,1.1044283440606373
CMR,t2,0.3333333333333333,0.2562006167292269,0.2835440699523571,20341.241,2010,40.33633919768043,0.22242511851057684,2205.326367827532,1.1121255925528843
COG,t2,0.3333333333333333,0.30456817068036224,0.2433604528589339,4273.731,2010,15.395738933859421,0.23354218203462693,4206.5755479801965,1.1677109101731349
COL,t2,0.3333333333333333,0.275818829975874,0.2768092160450372,45222.7,2010,392.9319656512309,0.19527953920492952,8483.745242019999,0.9763976960246477
COM,t2,0.33333333333333337,0.2595548202349438,0.24746523817749447,689.692,2010,0.7228476586499929,0.1618461370295031,848.1329434974035,0.8092306851475155
CPV,t2,0.33333333333333337,0.2920781266238733,0.27709010437068515,492.654,2010,1.7724324826983509,0.20321191801320576,3655.5006592663412,1.0160595900660288
CRI,t2,0.3333333333333333,0.2662846317622193,0.2544897816925614,4577.378,2010,48.34757655725869,0.23644209165729302,12486.845228599594,1.1822104582864652
CYP,t2,0.33333333333333326,0.25016984785747853,0.304733585077617,1112.612,2010,20.86748019524659,0.28217070423801405,26461.11844185368,1.4108535211900703
CZE,t2,0.3333333333333333,0.3406304412891349,0.3748089714503696,10536.518,2010,237.48438989075598,0.2983097666699786,33618.27547586102,1.4915488333498927
DEU,t2,0.3333333333333333,0.26651533212772344,0.2987449669371972,80827.002,2010,2732.530581525656,0.2923030912757109,49409.67227668331,1.4615154563785544
DJI,t2,0.3333333333333333,0.24883104173646736,0.2034907700319854,840.198,2010,,0.21466115082544657,,
DNK,t2,0.3333333333333333,0.2559374576069602,0.24601443127739692,5554.844,2010,180.18107233543262,0.306067362798054,49639.14885443341,1.53033681399027
DOM,t2,0.33333333333333337,0.2733276835808025,0.29906614551868865,9695.121,2010,83.25965238571035,0.21221717022457687,9112.381280840844,1.0610858511228844
DZA,t2,0.33333333333333337,0.2722838557011996,0.284936310239557,35977.455,2010,266.7489955430523,0.25249254354742967,9360.32473300116,1.2624627177371484
ECU,t2,0.3333333333333333,0.2779759455798344,0.2913759872192483,15011.117,2010,104.16045056561055,0.25727915530247325,8926.15544114582,1.2863957765123664
EGY,t2,0.33333333333333326,0.27308579770465263,0.3050414216627123,82761.235,2010,449.69771028357724,0.2688667225704956,7304.672864741667,1.344333612852478
ERI,t2,0.3333333333333333,0.23555782169806733,0.23434146924762478,3170.435,2010,2.5727180400342684,0.2176902471209939,883.247292418389,1.0884512356049696
ESP,t2,0.3333333333333333,0.2642180654025116,0.2540238359403604,46931.015,2010,1241.1808508034314,0.2821555069026055,37310.72214358131,1.4107775345130273
EST,t2,0.3333333333333333,0.24285522527884718,0.26946224048296463,1332.101,2010,22.19232056647319,0.2745917896514801,22872.999197760615,1.3729589482574005
ETH,t2,0.3333333333333333,0.2421149129306816,0.2654825642760754,87639.964,2010,77.46141058939929,0.26041625250878353,1150.8568316924209,1.3020812625439178
FIN,t2,0.3333333333333333,0.2797643233567477,0.2844134287651991,5365.782,2010,170.18210089451856,0.3034582561931803,48122.68144022854,1.5172912809659016
FJI,t2,0.33333333333333326,0.2866573922464162,0.2233437210161593,859.818,2010,3.593228937193344,0.22259566693988508,4651.200554897937,1.1129783346994255
FRA,t2,0.3333333333333333,0.2712448593061496,0.28683655388493917,62879.53,2010,1923.4567058101813,0.29512158235394353,45138.1861957305,1.4756079117697176
GAB,t2,0.3333333333333333,0.31354692940080064,0.24525814881660907,1624.14,2010,20.323025929791424,0.22514174592797764,14086.105694006683,1.1257087296398884
GBR,t2,0.3333333333333333,0.23555702422111552,0.2560083333032335,63459.808,2010,2004.6729970493316,0.27811354208724587,43927.54449682897,1.3905677104362293
GEO,t2,0.33333333333333326,0.30248057892391605,0.32965566868785534,4099.099,2010,20.263823670800313,0.2515528374107888,6217.7350939581165,1.257764187053944
GHA,t2,0.33333333333333326,0.2911611592525917,0.2427738070521345,24779.619,2010,35.96723260218319,0.22263828831483407,1615.780109849865,1.1131914415741704
GIN,t2,0.3333333333333333,0.2393505624933412,0.266091249897814,10192.176,2010,9.765701606915952,0.25426147227267254,1218.1116516973677,1.2713073613633628
GMB,t2,0.3333333333333333,0.2419149942234579,0.2824877395955209,1793.196,2010,2.186734535038491,0.20257826430359743,1235.182563983055,1.012891321517987
GNB,t2,0.3333333333333333,0.27297444356218165,0.23717234244259322,1522.599,2010,1.6123650962897051,0.18720517102654122,991.210041541272,0.9360258551327061
GNQ,t2,0.3333333333333333,0.31462753784542263,0.20435152306976914,943.639,2010,21.821722943288368,0.2176902471209939,25170.516797897857,1.0884512356049696
GRC,t2,0.3333333333333333,0.2810425245320591,0.2993290393161868,10887.637,2010,273.91606436762675,0.2778001028699252,34945.09913356395,1.389000514349626
GTM,t2,0.3333333333333333,0.2860010548233541,0.2267825876968954,14630.417,2010,61.759711046089826,0.19401785739510746,4095.059905163093,0.9700892869755374
GUY,t2,0.33333333333333337,0.32534895994259677,0.2317621019816412,749.436,2010,2.324123376335187,0.24004168410011362,3722.04223784246,1.2002084205005679
HKG,t2,0.3333333333333333,0.26433842756208775,0.28065166922269336,6966.331,2010,294.82649220993306,0.19632214443214963,41543.36707950176,0.9816107221607483
HND,t2,0.3333333333333333,0.28774769304277864,0.22135138646574745,8317.47,2010,26.743905632259654,0.18371506010729458,2953.57736831897,0.9185753005364728
HRV,t2,0.33333333333333326,0.276216667871993,0.28442159052637533,4328.165,2010,71.32306919985523,0.2841411559456234,23411.560474284775,1.420705779728117
HTI,t2,0.33333333333333326,0.29793659705762343,0.1994926350357111,9949.322,2010,9.956484182443043,0.16800434184483437,840.6264126137677,0.840021709224172
HUN,t2,0.3333333333333333,0.24170567255481004,0.28131922351658256,9927.37,2010,169.58333981672405,0.2993295957832219,25566.344640578907,1.4966479789161093
IDN,t2,0.3333333333333333,0.2941477915032733,0.2037074541665669,241834.215,2010,930.654243069005,0.25159051447558567,4840.997784631462,1.2579525723779283
IND,t2,0.3333333333333333,0.2543002925028112,0.33039108649814763,1.23428117e6,2010,3762.85903426931,0.26791656171342826,4083.884122909145,1.3395828085671413
IRL,t2,0.33333333333333326,0.27055236524517845,0.3573064260400258,4554.321,2010,158.69425169856387,0.2852374245043858,49695.15723435953,1.426187122521929
IRN,t2,0.3333333333333333,0.28717141814647495,0.2985977726829039,73762.519,2010,,0.23547816026514629,,
IRQ,t2,0.3333333333333333,0.2705637965983646,0.19398705896235335,29741.976,2010,102.33683473956987,0.2683563504965748,4616.831694720295,1.3417817524828741
ISL,t2,0.33333333333333326,0.26184225323374555,0.24932702623671923,320.328,2010,10.424296846141504,0.29795657147567794,48481.36516821891,1.4897828573783898
ISR,t2,0.33333333333333337,0.2917641427336902,0.2889336454293166,7346.446,2010,198.39693578787308,0.26814723529506757,36207.704938232186,1.340736176475338
ITA,t2,0.33333333333333326,0.291536033699448,0.23336089061061382,59325.229,2010,1618.1343332536792,0.2855528265174382,38943.19839418558,1.427764132587191
JAM,t2,0.3333333333333333,0.30921616717870415,0.18051653670097814,2810.46,2010,18.598366288097807,0.16782600699912306,5552.986968038253,0.8391300349956154
JOR,t2,0.3333333333333333,0.3094680990326541,0.32372205858407666,7261.539,2010,31.185202046176876,0.2586497870216551,5553.95066216055,1.2932489351082754
JPN,t2,0.33333333333333326,0.27857188755419865,0.31904059721927025,128542.353,2010,3896.5514045376885,0.28374991778723546,43007.07567922402,1.418749588936177
KAZ,t2,0.3333333333333333,0.317783390965428,0.3632508599768508,16252.279,2010,178.17950208704036,0.29694575289410463,16277.608327279175,1.4847287644705232
KEN,t2,0.3333333333333333,0.2904729528045456,0.2700095746190323,42030.676,2010,60.00720525074013,0.19719567859503012,1407.6815657224922,0.9859783929751508
KGZ,t2,0.3333333333333333,0.34840007672036877,0.36017203850372004,5422.293,2010,10.941166058415098,0.29602715111469274,2986.635191187006,1.4801357555734636
KHM,t2,0.33333333333333337,0.2986142095002547,0.23767212016883624,14312.212,2010,27.82594768872584,0.26560420439557486,2581.95193636627,1.3280210219778743
KOR,t2,0.3333333333333333,0.2402553533180304,0.3411325054215365,49545.636,2010,1320.9341413851619,0.26227065404857525,34961.93501443594,1.3113532702428763
KWT,t2,0.33333333333333326,0.3297500780225541,0.26130752508221633,2991.884,2010,,0.25192758071497984,,
LAO,t2,0.3333333333333333,0.2796122339819429,0.20547927272237937,6249.165,2010,14.310417684512124,0.2436357726728562,2789.5964259524408,1.218178863364281
LBN,t2,0.3333333333333333,0.28118231611671174,0.22799370577543293,4953.061,2010,53.34693262610232,0.2461283055309013,13254.621871741254,1.2306415276545066
LBR,t2,0.3333333333333333,0.2748617914559522,0.24247329885728508,3891.356,2010,1.5004018519160238,0.24813180202156965,478.3646308284609,1.2406590101078483
LBY,t2,0.3333333333333333,0.2764174979207708,0.3335680891233808,6197.663,2010,,0.25192758071497984,,
LCA,t2,0.33333333333333326,0.28781589602477026,0.2706265412671939,174.085,2010,1.6916206815068073,0.247748034602074,12037.099667849972,1.23874017301037
LKA,t2,0.3333333333333333,0.29371254919672934,0.26104287794519987,20261.737,2010,95.01787973544018,0.24306045449414096,5699.187841981592,1.2153022724707048
LSO,t2,0.3333333333333333,0.2981729355238312,0.26197142793334915,1995.581,2010,3.005551603272059,0.17038977591260313,1283.1232211954593,0.8519488795630156
LTU,t2,0.3333333333333333,0.2641209282381162,0.304081462850119,3123.816,2010,51.10761322672455,0.2721764216938263,22264.895386543183,1.3608821084691314
LUX,t2,0.3333333333333333,0.2773264587829707,0.2549540234522297,507.889,2010,34.85205788155859,0.2940495568332037,100890.47188261086,1.4702477841660186
LVA,t2,0.3333333333333333,0.2883398090037488,0.2950206025665831,2118.861,2010,29.018886899605953,0.27129145447916747,18577.37726627787,1.3564572723958375
MAC,t2,0.3333333333333333,0.260429000287146,0.27431438019769655,538.219,2010,31.074797594640224,0.2416726110607494,69766.46562905618,1.208363055303747
MAR,t2,0.3333333333333333,0.24872248608272485,0.2173341867791515,32343.389,2010,137.29319861913058,0.23124028424627535,4907.91460872701,1.156201421231377
MDA,t2,0.3333333333333333,0.31527374771458916,0.2678059306062726,4086.081,2010,9.936478992790411,0.2881191029788389,3503.221563854033,1.4405955148941945
MDG,t2,0.3333333333333333,0.2798931691965466,0.16071467365359662,21151.64,2010,17.99875107244465,0.2316116433525489,985.4366645286981,1.1580582167627447
MDV,t2,0.3333333333333333,0.30296414391776905,0.24362414688047865,365.734,2010,2.4148692646945826,0.24697832475988213,8153.745146860783,1.2348916237994108
MEX,t2,0.3333333333333333,0.28832000314551365,0.21778195218771806,114092.963,2010,1411.0937527544643,0.19552303454731557,12091.075790945682,0.9776151727365777
MKD,t2,0.3333333333333333,0.31702642063808073,0.2673507968014644,2070.741,2010,18.953813317847356,0.24202367586634185,11076.401082679682,1.2101183793317094
MLI,t2,0.3333333333333333,0.2565605142214301,0.2907993650411252,15049.353,2010,14.677897111037344,0.26088181069764704,1272.2129567833197,1.304409053488235
MLT,t2,0.3333333333333333,0.26204215898372607,0.22971945331267596,414.253,2010,9.477672411719086,0.2966718690252356,33937.699767939084,1.4833593451261784
MMR,t2,0.3333333333333333,0.27340748675448157,0.1770888491387827,50600.818,2010,83.90582295634557,0.24182626637534854,2004.9707390781768,1.209131331876743
MNE,t2,0.3333333333333333,0.30433907730560184,0.2945622067885355,624.275,2010,6.41996194841101,0.2881191029788389,14814.894699727358,1.4405955148941947
MNG,t2,0.3333333333333333,0.3047996227820401,0.33065323765216265,2719.896,2010,9.977397597265247,0.2578507071603595,4729.370215028288,1.2892535358017976
MOZ,t2,0.3333333333333333,0.24772368288235805,0.26903189015554013,23531.574,2010,19.76565994514302,0.21042054439669,883.7277366182229,1.05210272198345
MRT,t2,0.3333333333333333,0.24240437114431204,0.21283856055481692,3494.195,2010,6.033414762325536,0.24426164899364355,2108.828841704924,1.2213082449682178
MUS,t2,0.3333333333333333,0.30371986393499883,0.3009007771505132,1247.955,2010,15.738374807760245,0.2506905363688876,15807.70789865021,1.253452681844438
MWI,t2,0.3333333333333333,0.2608572520587111,0.26536364718096317,14539.612,2010,11.791209492076325,0.208019052095695,843.4875090213819,1.040095260478475
MYS,t2,0.3333333333333333,0.3101656704000397,0.3466125011077281,28208.035,2010,375.28812665633484,0.20739372699836733,13796.140582903527,1.0369686349918368
NAM,t2,0.3333333333333333,0.3136425567780526,0.25838079576531275,2118.874,2010,13.259206323635928,0.1367244274573933,4277.879178135582,0.6836221372869664
NER,t2,0.3333333333333333,0.25961759596039463,0.28323745726883903,16464.025,2010,10.129710316346669,0.2664696888071656,819.7450974787852,1.332348444035828
NGA,t2,0.3333333333333333,0.24458247886048595,0.2479840809683826,158503.197,2010,338.3065897384573,0.22178466680191394,2366.8675364963005,1.1089233340095697
NIC,t2,0.3333333333333333,0.29020741859194443,0.2142391009118333,5824.065,2010,15.128172852787909,0.23529540719196831,3055.932232441784,1.1764770359598415
NLD,t2,0.3333333333333333,0.2412090152860067,0.255712580288612,16682.917,2010,614.724900948884,0.2984203666976525,54980.32219405757,1.4921018334882625
NOR,t2,0.3333333333333333,0.2432091393842043,0.24681017912939676,4885.878,2010,228.31191505078243,0.3016937286395769,70489.14539465874,1.5084686431978847
NPL,t2,0.33333333333333337,0.2745277312053546,0.33312020955127,27013.212,2010,32.21794348738442,0.2619156626630982,1561.8994176147098,1.3095783133154908
NZL,t2,0.3333333333333333,0.2703446963092875,0.2963531825777273,4370.062,2010,,0.2817520898771714,,
OMN,t2,0.3333333333333333,0.3362150616824817,0.3422145132592593,3041.434,2010,,0.25192758071497984,,
PAK,t2,0.3333333333333333,0.24811960966972235,0.25603684640495045,179424.641,2010,418.50810929459686,0.2727526988625738,3180.9793702185616,1.3637634943128691
PAN,t2,0.3333333333333333,0.29436612405275253,0.29629047920374013,3642.687,2010,42.93011386179749,0.20064065976274825,11823.039378515025,1.0032032988137414
PER,t2,0.33333333333333337,0.2974712695711993,0.3381025978275647,29027.674,2010,248.75934295434868,0.22650478928683243,9705.424995300285,1.1325239464341623
PHL,t2,0.33333333333333326,0.2911724778953125,0.2937773833422405,93966.78,2010,332.0546077828365,0.24275408009277186,4289.1546806695205,1.213770400463859
PNG,t2,0.3333333333333333,0.31222868826342665,0.2360211522042397,7310.507,2010,15.207027572085849,0.21786927429541258,2266.0152444424675,1.0893463714770628
POL,t2,0.3333333333333333,0.2834959118384184,0.32640946866852055,38329.781,2010,662.5675308389051,0.26963251845857944,23304.301163236036,1.3481625922928975
PRT,t2,0.3333333333333333,0.2740708720806298,0.2904905021533844,10596.058,2010,230.60379712874197,0.26725405051261253,29081.47484953605,1.3362702525630625
PRY,t2,0.33333333333333337,0.2664182439629477,0.28708358698674696,6248.02,2010,29.996266772241036,0.20587047868876643,4941.842215035484,1.0293523934438322
QAT,t2,0.33333333333333337,0.32774817739844525,0.3095230651269633,1856.327,2010,,0.2325582213584411,,
ROU,t2,0.3333333333333333,0.2662541255119936,0.24104555163422003,20471.864,2010,234.34902635574073,0.29749171459156765,17027.490428676592,1.4874585729578382
RUS,t2,0.3333333333333333,0.33477562855547155,0.38684032939100055,143479.274,2010,2010.3775271968639,0.2535767889387771,17765.112120000682,1.2678839446938857
RWA,t2,0.3333333333333333,0.2739867743207002,0.17718769567367756,10039.338,2010,11.086926552034237,0.18399898051866442,1015.9948707074166,0.9199949025933221
SAU,t2,0.3333333333333333,0.2996921287963813,0.3176836538333182,27421.461,2010,559.2363116192045,0.25192758071497984,25689.194867150723,1.2596379035748992
SDN,t2,0.3333333333333333,0.24912110738546683,0.20820956362673484,34545.013,2010,88.12522030382412,0.2522674364195052,3217.7037261427354,1.2613371820975263
SEN,t2,0.3333333333333333,0.24659219212541603,0.23213096251601195,12678.148,2010,21.58159603963768,0.23305068467343523,1983.5727321463116,1.165253423367176
SGP,t2,0.3333333333333333,0.2619079337850274,0.363113034293472,5131.172,2010,263.8333946265791,0.20271413715511577,52115.53904686116,1.0135706857755786
SLB,t2,0.3333333333333333,0.28399889908315074,0.21692287885992928,527.861,2010,1.307751094944226,0.2337875676312128,2895.989167167738,1.1689378381560642
SLE,t2,0.3333333333333333,0.24129314958843456,0.2943109799544087,6415.634,2010,4.351883435502898,0.2574497853109628,873.1728276336806,1.2872489265548142
SLV,t2,0.33333333333333337,0.28895124516751075,0.2221777978828591,6183.875,2010,37.04142334866409,0.24832341325251855,7437.288656119183,1.2416170662625925
SRB,t2,0.3333333333333333,0.2790348455540764,0.26620329145399935,8991.254,2010,70.04375295597576,0.2909089248219563,11331.207450550075,1.4545446241097815
STP,t2,0.3333333333333333,0.30509331737934364,0.21219939287089679,180.371,2010,0.2810829464932609,0.26862877210303887,2093.1016287426705,1.3431438605151944
SUR,t2,0.3333333333333333,0.3210044270136292,0.1848790422663165,529.131,2010,,0.18272005584488277,,
SVK,t2,0.3333333333333333,0.33508665616949224,0.36356313294950926,5404.294,2010,109.48990695010632,0.297900564232729,30177.026877354998,1.489502821163645
SVN,t2,0.3333333333333333,0.2582458644456309,0.27396048818765917,2043.337,2010,51.32285473442756,0.3033093326997518,38091.36922041132,1.516546663498759
SWE,t2,0.33333333333333326,0.2571014979148918,0.2558500320585455,9390.168,2010,316.7771014367621,0.2974139591732726,50166.265349960086,1.487069795866363
SWZ,t2,0.3333333333333333,0.32242358143313843,0.19262953734790011,1064.837,2010,5.637987396627411,0.1834783349771183,4857.309335396757,0.9173916748855916
SYR,t2,0.3333333333333333,0.30196111844481244,0.22505017700391128,21362.529,2010,96.93430163252933,0.25083557057796335,5690.939227881657,1.2541778528898169
TCD,t2,0.3333333333333333,0.2518542251900854,0.3054103981051414,11952.136,2010,13.798873589621824,0.22028481070139955,1271.6062871868196,1.1014240535069977
TGO,t2,0.3333333333333333,0.2643329353630586,0.26520844924938275,6421.679,2010,5.396533630046934,0.2084650316057518,875.9302308237741,1.042325158028759
THA,t2,0.33333333333333337,0.26408011693336664,0.24488772254640673,67195.028,2010,530.3670868449135,0.2500134892691884,9866.721535976703,1.250067446345942
TJK,t2,0.3333333333333333,0.3325373385441761,0.3601573476755524,7527.394,2010,13.345545695584383,0.2877138083417228,2550.4827942280344,1.4385690417086137
TKM,t2,0.33333333333333337,0.349733136146937,0.33942961706008445,5087.213,2010,37.4197200458013,0.25458061877633487,9363.020069827347,1.2729030938816746
TON,t2,0.3333333333333333,0.3377828986299362,0.1816867685896234,103.986,2010,0.42274293433913285,0.26420920467700615,5370.55827056364,1.3210460233850307
TTO,t2,0.3333333333333333,0.3006877483149695,0.2777636382087704,1328.147,2010,30.961003519141737,0.25642511369675874,29888.178219585887,1.2821255684837938
TUN,t2,0.3333333333333333,0.281005221432692,0.251769888423097,10635.244,2010,90.36665459033907,0.25068422794831174,10650.19995697838,1.2534211397415589
TUR,t2,0.3333333333333333,0.265058835877941,0.23955804091908964,72326.988,2010,912.795531850223,0.2572672441849134,16234.07786478052,1.2863362209245672
TZA,t2,0.3333333333333333,0.27893694537776603,0.2969344204967978,44346.525,2010,56.24235848107449,0.24308663854029638,1541.4698070190086,1.215433192701482
UGA,t2,0.33333333333333326,0.27214752115286883,0.19252592727097312,32428.167,2010,38.150724958789226,0.22174191986280795,1304.3621917513665,1.10870959931404
UKR,t2,0.3333333333333333,0.3857578074907072,0.42430103803893116,45792.09,2010,276.5484230127072,0.30406667419433864,9181.624953039158,1.520333370971693
URY,t2,0.3333333333333333,0.30401650562049587,0.1698868589832751,3359.275,2010,43.309135496432084,0.24469088075497974,15773.270288021557,1.2234544037748987
USA,t2,0.33333333333333326,0.2960866812837887,0.3181521912963928,309011.475,2010,13084.55659,0.2564642808194679,54297.68256495943,1.2823214040973396
UZB,t2,0.3333333333333333,0.31866646731827103,0.3436994562304134,28515.909,2010,78.64829417327228,0.27380557219688495,3775.8468769874653,1.3690278609844249
VCT,t2,0.3333333333333333,0.28509159317656685,0.20571557410708471,108.255,2010,1.0830206594966636,0.2204648202686433,11028.03358011914,1.1023241013432166
VEN,t2,0.3333333333333333,0.2956458684900199,0.3395730729427996,28439.94,2010,316.3966012244212,0.23033025636883275,12812.212380590163,1.1516512818441638
VNM,t2,0.33333333333333326,0.280787266244161,0.22162178359480147,87967.651,2010,249.92344410750056,0.23136413041455028,3286.624097541341,1.1568206520727515
VUT,t2,0.3333333333333333,0.28187901674500915,0.22827642115398436,236.211,2010,0.9565630385219908,0.24543024394621757,4969.487024194202,1.2271512197310879
WSM,t2,0.3333333333333333,0.3096292199071852,0.24729736445597592,185.949,2010,0.7218842878104964,0.22297903249845075,4328.204509618703,1.1148951624922536
YEM,t2,0.3333333333333333,0.23530302913723097,0.26269481359037455,23154.855,2010,,0.25038118952444754,,
ZAF,t2,0.3333333333333333,0.3386650057699836,0.2971281896151239,51216.964,2010,473.7724133922748,0.12452983325815002,5759.6931792024325,0.6226491662907501
ZMB,t2,0.33333333333333326,0.2608367003011184,0.20983441456555688,13605.984,2010,18.111837393999384,0.16336749150965624,1087.347097309709,0.8168374575482812
AFG,t3,0.3333333333333333,0.5116563626195292,0.497587679591932,29185.507,2010,37.23728418322597,0.574366145915035,3664.1192151745713,2.871830729575175
AGO,t3,0.3333333333333332,0.5243896726990668,0.5156716113454303,23356.246,2010,105.89344662859713,0.6896480271835943,15633.763781877287,3.4482401359179717
ALB,t3,0.3333333333333333,0.5096303435934935,0.5090493264395617,2948.023,2010,24.568445171853057,0.5395270921862837,22481.74756965604,2.6976354609314184
ARE,t3,0.33333333333333326,0.48619584603275834,0.4061173221102496,8549.988,2010,318.1423059818006,0.6335109828354942,117863.70047775564,3.1675549141774706
ARG,t3,0.3333333333333333,0.5586958222968937,0.4753785171163668,40895.752,2010,580.4274305865966,0.6497031838743537,46105.71162258151,3.248515919371768
ARM,t3,0.3333333333333333,0.3767779685750403,0.29509183792466975,2877.319,2010,15.152619472187178,0.5554668315795149,14626.07644189934,2.7773341578975748
AUS,t3,0.3333333333333333,0.45465119114486735,0.3868267641726401,22154.679,2010,,0.5830923188139105,,
AUT,t3,0.3333333333333333,0.3783829616363154,0.33572779813435777,8409.949,2010,296.8320908711133,0.516185313890529,91094.70580564023,2.5809265694526453
AZE,t3,0.3333333333333333,0.35719770682939206,0.2748002987781469,9032.461,2010,80.69556138880493,0.4468516019463501,19960.75093850254,2.2342580097317506
BDI,t3,0.33333333333333337,0.5092214509808021,0.4199853040633491,8675.602,2010,3.071832434435739,0.6171111661423874,1092.5248160350416,3.085555830711937
BEL,t3,0.3333333333333333,0.4778916999842433,0.43587095317133123,10938.739,2010,357.4760039013982,0.52661907023221,86049.07787126112,2.6330953511610504
BEN,t3,0.33333333333333326,0.5401889697547456,0.4492213787750149,9199.259,2010,12.601266759843224,0.6952267920987804,4761.654316845952,3.4761339604939017
BFA,t3,0.33333333333333326,0.4620157154434459,0.43687015847467797,15605.217,2010,18.55280683067076,0.6666910193241197,3963.0944245323153,3.333455096620599
BGD,t3,0.33333333333333337,0.51773616514299,0.4703992782188857,147575.43,2010,221.29653749671897,0.606462244486462,4547.098213684442,3.0323112224323103
BGR,t3,0.3333333333333333,0.37502520768781844,0.3056595921638887,7425.008,2010,86.64807456732147,0.5947393251150825,34702.33122354219,2.9736966255754123
BHR,t3,0.3333333333333333,0.5168609634664615,0.4397837950542478,1240.86,2010,,0.6335109828354942,,
BHS,t3,0.3333333333333333,0.44742170987320096,0.3495630675795858,354.942,2010,7.807282653717896,0.6452839232796389,70968.12973590268,3.226419616398194
BIH,t3,0.3333333333333333,0.3811675470556188,0.2630852837081317,3705.472,2010,27.618291411230114,0.5685616663659039,21188.531160062907,2.842808331829519
BLR,t3,0.3333333333333333,0.3467595954575662,0.2552327715722379,9420.574,2010,118.57185022783123,0.5986562579374928,37674.8699994917,2.993281289687464
BLZ,t3,0.3333333333333333,0.5524055327271552,0.5257715267544951,322.464,2010,2.064116123652634,0.7247477144983439,23195.820976549745,3.623738572491719
BOL,t3,0.3333333333333333,0.5835517532704527,0.5525080538434619,10048.59,2010,43.19038245496415,0.7364657408643508,15827.214073272882,3.6823287043217543
BRA,t3,0.3333333333333333,0.5263232283819262,0.5627411684729205,195713.635,2010,1960.360571240302,0.7600265321896366,38063.9306709791,3.8001326609481825
BRB,t3,0.3333333333333333,0.5565073724999782,0.46200736713029567,282.131,2010,,0.6763108493117795,,
BRN,t3,0.3333333333333333,0.5149005615275652,0.49776801304918106,388.646,2010,,0.6632654041192118,,
BTN,t3,0.33333333333333326,0.5128691880197559,0.4249716601637301,685.503,2010,3.4700779256141154,0.6572107984901343,16634.301267214305,3.2860539924506713
BWA,t3,0.33333333333333326,0.5681324906709699,0.5259074655099748,1987.105,2010,25.011877248655928,0.8242221932169583,51872.81075323279,4.121110966084791
CAF,t3,0.3333333333333333,0.5304895266883771,0.5502724879270628,4386.768,2010,3.114341617734822,0.7930562182915403,2815.111245715223,3.965281091457701
CAN,t3,0.3333333333333333,0.48697121575906266,0.3423073308560089,34147.564,2010,1202.022448380908,0.5365090572444233,94427.80904773684,2.6825452862221173
CHE,t3,0.3333333333333333,0.4153025247199829,0.36958133854174025,7808.675,2010,294.1234325595242,0.5593433256951807,105341.80186313714,2.796716628475904
CHL,t3,0.3333333333333333,0.534304509156915,0.40676773091956264,17062.536,2010,232.67598646703658,0.7395218905249659,50423.03951530542,3.697609452624829
CHN,t3,0.33333333333333326,0.5568026981330156,0.5738116551210645,1.368810615e6,2010,9122.23735582665,0.6729147206787769,22422.706746256474,3.3645736033938842
CIV,t3,0.3333333333333333,0.5321294157155331,0.5244991238418615,20532.95,2010,33.62555719552731,0.6932126098584176,5676.1596023598595,3.466063049292088
CMR,t3,0.3333333333333333,0.5425024506326162,0.5083018477186727,20341.241,2010,40.33633919768043,0.6904230411518364,6845.4864621569905,3.4521152057591817
COG,t3,0.3333333333333333,0.5181272719017682,0.5632403935694499,4273.731,2010,15.395738933859421,0.6697943549519865,12064.375399637407,3.3489717747599324
COL,t3,0.3333333333333333,0.5704682313336137,0.511053945192347,45222.7,2010,392.9319656512309,0.737563815590292,32042.801497159107,3.6878190779514606
COM,t3,0.33333333333333337,0.5591270952455325,0.5478218627311777,689.692,2010,0.7228476586499929,0.7907374117377324,4143.7532020204335,3.953687058688662
CPV,t3,0.33333333333333326,0.5363070574380118,0.4705889621048346,492.654,2010,1.7724324826983509,0.7242083321572342,13027.503807502615,3.621041660786171
CRI,t3,0.3333333333333333,0.5780100484381234,0.49312265374360964,4577.378,2010,48.34757655725869,0.6642632967398088,35080.6953165163,3.321316483699044
CYP,t3,0.33333333333333337,0.5267846988815739,0.398028132301073,1112.612,2010,20.86748019524659,0.5654348499771786,53024.77653306365,2.8271742498858936
CZE,t3,0.3333333333333333,0.28315837984062436,0.22634502059232134,10536.518,2010,237.48438989075598,0.5220629557045635,58834.33337278171,2.6103147785228176
DEU,t3,0.3333333333333333,0.3832207744954467,0.32497528576617873,80827.002,2010,2732.530581525656,0.5390288371390635,91115.14378615102,2.695144185695317
DJI,t3,0.33333333333333326,0.5206258451005246,0.5847485595962477,840.198,2010,,0.7043385329259819,,
DNK,t3,0.3333333333333333,0.43532140285325527,0.4238845834060879,5554.844,2010,180.18107233543262,0.49818160601055306,80796.95486387148,2.4909080300527653
DOM,t3,0.3333333333333333,0.568204138514063,0.48439335397566585,9695.121,2010,83.25965238571035,0.708642530023253,30428.362222331394,3.5432126501162644
DZA,t3,0.3333333333333333,0.5658140140741443,0.5170062579137303,35977.455,2010,266.7489955430523,0.6323461487281672,23442.138974081983,3.161730743640836
ECU,t3,0.33333333333333326,0.5716522374031319,0.5115093790243034,15011.117,2010,104.16045056561055,0.6223407631693076,21591.76239085373,3.1117038158465387
EGY,t3,0.3333333333333333,0.5691649566378414,0.5134340151798706,82761.235,2010,449.69771028357724,0.5969906040705,16219.266647683147,2.9849530203525
ERI,t3,0.3333333333333333,0.536642846300051,0.5269315378301476,3170.435,2010,2.5727180400342684,0.6989543192052312,2835.9079845181636,3.4947715960261556
ESP,t3,0.3333333333333333,0.5633051355634436,0.49388109555527104,46931.015,2010,1241.1808508034314,0.5654727182651862,74775.06181812953,2.827363591325931
EST,t3,0.3333333333333333,0.4362027391873894,0.36478079504376526,1332.101,2010,22.19232056647319,0.5837773974044214,48627.60084505729,2.9188869870221064
ETH,t3,0.33333333333333337,0.5157701741386364,0.46903487144784795,87639.964,2010,77.46141058939929,0.6156437489902091,2720.712734279972,3.078218744951046
FIN,t3,0.3333333333333333,0.4670800446011192,0.4016272583164885,5365.782,2010,170.18210089451856,0.5065050327083789,80322.02070449262,2.532525163541895
FJI,t3,0.3333333333333333,0.5669115095043402,0.570820490305908,859.818,2010,3.593228937193344,0.6901130422353638,14420.110728634676,3.4505652111768197
FRA,t3,0.3333333333333333,0.549469896853878,0.45231632640727515,62879.53,2010,1923.4567058101813,0.5312092359304534,81247.26497150451,2.656046179652267
GAB,t3,0.33333333333333337,0.511289653138354,0.5622852390257753,1624.14,2010,20.323025929791424,0.685462057331806,42886.2757060428,3.42731028665903
GBR,t3,0.3333333333333333,0.48717397242563854,0.45206697197441525,63459.808,2010,2004.6729970493316,0.5753842995919785,90880.93745242516,2.8769214979598923
GEO,t3,0.3333333333333333,0.45565323697116134,0.3598633999262384,4099.099,2010,20.263823670800313,0.6342818135261398,15677.804838196322,3.1714090676306985
GHA,t3,0.3333333333333333,0.5140281834790307,0.5554980091989099,24779.619,2010,35.96723260218319,0.6900355411084784,5007.879421152921,3.450177705542392
GIN,t3,0.3333333333333332,0.5212988750133175,0.46781750020437196,10192.176,2010,9.765701606915952,0.6286774127399478,3011.8573402903717,3.143387063699739
GMB,t3,0.3333333333333333,0.5400129507705153,0.4250098575904115,1793.196,2010,2.186734535038491,0.7252870243921313,4422.300139119142,3.626435121960656
GNB,t3,0.3333333333333333,0.5166657845260796,0.4674628048772321,1522.599,2010,1.6123650962897051,0.7508442731765959,3975.5546234397752,3.7542213658829797
GNQ,t3,0.3333333333333333,0.4895756584960149,0.6128378299497704,943.639,2010,21.821722943288368,0.6989543192052312,80816.85635985422,3.494771596026156
GRC,t3,0.3333333333333333,0.5938557312413428,0.41550002874439995,10887.637,2010,273.91606436762675,0.5761401062729008,72473.9585066159,2.8807005313645044
GTM,t3,0.3333333333333333,0.5329864247613082,0.5491728813482644,14630.417,2010,61.759711046089826,0.7396592463635001,15611.701747112995,3.6982962318175003
GUY,t3,0.3333333333333333,0.5037547128476533,0.5413851712070896,749.436,2010,2.324123376335187,0.6573038837219167,10192.03321907416,3.2865194186095836
HKG,t3,0.33333333333333337,0.5938888931181487,0.3951248244032228,6966.331,2010,294.82649220993306,0.7358264010393032,155706.86828825474,3.679132005196516
HND,t3,0.33333333333333326,0.5180595825604253,0.5324135016991959,8317.47,2010,26.743905632259654,0.7564926046069682,12162.091855522818,3.782463023034841
HRV,t3,0.3333333333333333,0.3453952616689369,0.25588287494782774,4328.165,2010,71.32306919985523,0.5604844998116392,46180.62708504849,2.8024224990581956
HTI,t3,0.33333333333333326,0.5053620803461246,0.5376128615777185,9949.322,2010,9.956484182443043,0.7812838948139775,3909.2315741277957,3.906419474069888
HUN,t3,0.3333333333333333,0.37014275880239045,0.31625491670555217,9927.37,2010,169.58333981672405,0.5190632103682624,44334.23595083127,2.595316051841312
IDN,t3,0.3333333333333333,0.5372707378388154,0.6031743714071343,241834.215,2010,930.654243069005,0.6342043783994453,12203.091190598994,3.171021891997227
IND,t3,0.3333333333333333,0.5447444159274359,0.4534920283293995,1.23428117e6,2010,3762.85903426931,0.5991359960794351,9132.70148811978,2.995679980397176
IRL,t3,0.3333333333333333,0.5543659301287717,0.42445723474388675,4554.321,2010,158.69425169856387,0.5576945346181982,97163.67911661671,2.788472673090991
IRN,t3,0.3333333333333333,0.5331740219464911,0.44778897179792987,73762.519,2010,,0.6661091403768148,,
IRQ,t3,0.3333333333333332,0.559985931091466,0.6159117073133921,29741.976,2010,102.33683473956987,0.5981445883711165,10290.544227878974,2.9907229418555827
ISL,t3,0.3333333333333333,0.4872002424735182,0.49030900984271114,320.328,2010,10.424296846141504,0.5230931520519633,85113.98153101663,2.6154657602598164
ISR,t3,0.33333333333333326,0.5393869548959344,0.4978409216891106,7346.446,2010,198.39693578787308,0.5986163354081602,80830.68102422902,2.993081677040801
ITA,t3,0.3333333333333333,0.45223904096761125,0.41679846191168546,59325.229,2010,1618.1343332536792,0.5568869408256258,75947.27351921011,2.784434704128129
JAM,t3,0.3333333333333333,0.5356403643421273,0.571324149549775,2810.46,2010,18.598366288097807,0.7815596609694141,25860.060009234618,3.907798304847071
JOR,t3,0.3333333333333333,0.5408565249208653,0.49095349184216386,7261.539,2010,31.185202046176876,0.6194288997066556,13300.91003476886,3.097144498533278
JPN,t3,0.3333333333333333,0.3898372523964081,0.3073387308690656,128542.353,2010,3896.5514045376885,0.5614738896895517,85100.81784021262,2.8073694484477585
KAZ,t3,0.3333333333333333,0.44625627420053415,0.38639646289448437,16252.279,2010,178.17950208704036,0.5260175809758312,28834.587034625434,2.6300879048791557
KEN,t3,0.33333333333333326,0.5256380833723984,0.5211927525930226,42030.676,2010,60.00720525074013,0.7343666235583205,5242.276939485479,3.671833117791603
KGZ,t3,0.3333333333333333,0.4726059878676694,0.4395451952613886,5422.293,2010,10.941166058415098,0.5286454172498296,5333.534443961736,2.6432270862491474
KHM,t3,0.33333333333333326,0.5078205491458312,0.48937920055816164,14312.212,2010,27.82594768872584,0.6043043529973384,5874.473252133651,3.021521764986692
KOR,t3,0.3333333333333333,0.5085772317609208,0.3480019738884639,49545.636,2010,1320.9341413851619,0.6116296588600135,81533.16452249714,3.0581482943000675
KWT,t3,0.3333333333333333,0.483360150286274,0.5450682268161138,2991.884,2010,,0.6335109828354942,,
LAO,t3,0.3333333333333333,0.5489942955624167,0.5492302103376663,6249.165,2010,14.310417684512124,0.6502459902642511,7445.228057156946,3.2512299513212555
LBN,t3,0.3333333333333333,0.5879403425971453,0.5638595201802614,4953.061,2010,53.34693262610232,0.6452839232796389,34750.14539484359,3.226419616398194
LBR,t3,0.33333333333333326,0.48702286541902967,0.47557319515657975,3891.356,2010,1.5004018519160238,0.6412536384819438,1236.2504827702694,3.206268192409719
LBY,t3,0.3333333333333333,0.5786079033232643,0.4701370296312798,6197.663,2010,,0.6335109828354942,,
LCA,t3,0.3333333333333333,0.5475317143232927,0.4448709073763577,174.085,2010,1.6916206815068073,0.6420285840050957,31193.63617834823,3.210142920025478
LKA,t3,0.3333333333333333,0.5613257621764305,0.5527574145816587,20261.737,2010,95.01787973544018,0.651383356192271,15273.385840598115,3.2569167809613546
LSO,t3,0.3333333333333333,0.5134718337157257,0.5086347019165668,1995.581,2010,3.005551603272059,0.7775834627769099,5855.606019567687,3.8879173138845493
LTU,t3,0.33333333333333337,0.47773432289535667,0.3655919376732246,3123.816,2010,51.10761322672455,0.5894138985540891,48215.928143268124,2.9470694927704457
LUX,t3,0.3333333333333333,0.49894636013041693,0.4203119813743776,507.889,2010,34.85205788155859,0.5342112868458415,183291.65122825233,2.671056434229208
LVA,t3,0.3333333333333333,0.34455726387851227,0.2938172215445941,2118.861,2010,29.018886899605953,0.5914559944807637,40501.46425350989,2.9572799724038186
MAC,t3,0.3333333333333333,0.5919004145949789,0.45941484861390636,538.219,2010,31.074797594640224,0.654115030485612,188831.05367844977,3.2705751524280595
MAR,t3,0.3333333333333333,0.5733010126137045,0.5643908860736824,32343.389,2010,137.29319861913058,0.6741388064888579,14308.128479693085,3.37069403244429
MDA,t3,0.3333333333333333,0.36279000273753836,0.286644660481477,4086.081,2010,9.936478992790411,0.5502309968353764,6690.2231517642995,2.7511549841768814
MDG,t3,0.3333333333333333,0.5028733218159828,0.6269368989572176,21151.64,2010,17.99875107244465,0.6734406192456729,2865.2837481811916,3.367203096228364
MDV,t3,0.3333333333333333,0.5150573528267421,0.4385462147759021,365.734,2010,2.4148692646945826,0.6435786346954494,21247.11216813508,3.2178931734772473
MEX,t3,0.3333333333333333,0.5625370670785645,0.5535676726375142,114092.963,2010,1411.0937527544643,0.7371585255729598,45585.62433976299,3.6857926278647986
MKD,t3,0.3333333333333333,0.4174911745221758,0.3257817255444582,2070.741,2010,18.953813317847356,0.6534256236520041,29904.530039725076,3.2671281182600205
MLI,t3,0.33333333333333337,0.4868789715571395,0.41840126991774945,15049.353,2010,14.677897111037344,0.6146399479558589,2997.3454395114004,3.073199739779294
MLT,t3,0.3333333333333333,0.6034798682878725,0.49948330183948186,414.253,2010,9.477672411719086,0.5268039952773418,60263.60331033756,2.6340199763867087
MMR,t3,0.33333333333333326,0.5471938096680448,0.6113541719886533,50600.818,2010,83.90582295634557,0.6538134200128958,5420.7377700973975,3.269067100064479
MNE,t3,0.3333333333333333,0.3877649538013201,0.3112405441579368,624.275,2010,6.41996194841101,0.5502309968353764,28292.515818504464,2.751154984176882
MNG,t3,0.3333333333333333,0.5418651867480961,0.4516521014339105,2719.896,2010,9.977397597265247,0.6211291414787093,11392.443688621,3.105645707393547
MOZ,t3,0.33333333333333326,0.5047511899161857,0.46163101466907186,23531.574,2010,19.76565994514302,0.7117842556096966,2989.363471964948,3.5589212780484827
MRT,t3,0.33333333333333326,0.5151912577113757,0.5743228788903662,3494.195,2010,6.033414762325536,0.6490053170199641,5603.176497785636,3.245026585099821
MUS,t3,0.3333333333333333,0.5284089015431034,0.4564050996148603,1247.955,2010,15.738374807760245,0.6360501020016089,40107.19497824624,3.1802505100080447
MWI,t3,0.33333333333333326,0.5275547306727673,0.46287692079144616,14539.612,2010,11.791209492076325,0.7159550066040763,2903.0951684850847,3.5797750330203812
MYS,t3,0.3333333333333333,0.5563142360885447,0.3725011080941959,28208.035,2010,375.28812665633484,0.7170357393298126,47698.28868950379,3.585178696649063
NAM,t3,0.33333333333333326,0.5048389185162248,0.5380300246831164,2118.874,2010,13.259206323635928,0.8279316846082629,25904.600811790664,4.139658423041315
NER,t3,0.3333333333333333,0.48076480807920896,0.4335250854623193,16464.025,2010,10.129710316346669,0.602378511745397,1853.1069482623172,3.011892558726985
NGA,t3,0.33333333333333326,0.5453646259792972,0.5597078389709953,158503.197,2010,338.3065897384573,0.691585455585785,7380.542519654802,3.4579272779289254
NIC,t3,0.3333333333333333,0.5218736235029033,0.5526116769416873,5824.065,2010,15.128172852787909,0.6664582677072342,8655.72059467454,3.3322913385361703
NLD,t3,0.3333333333333333,0.45974890644913313,0.4042420837928623,16682.917,2010,614.724900948884,0.5217394503407953,96124.14661412945,2.6086972517039766
NOR,t3,0.3333333333333333,0.44165524826437313,0.4276405722767713,4885.878,2010,228.31191505078243,0.5119577092256343,119616.21331756156,2.5597885461281717
NPL,t3,0.3333333333333333,0.5435927726412384,0.38106440095016925,27013.212,2010,32.21794348738442,0.6124013655648096,3651.9745573692016,3.0620068278240478
NZL,t3,0.3333333333333333,0.49927889603530123,0.4281814592471589,4370.062,2010,,0.5664762361600733,,
OMN,t3,0.3333333333333333,0.5133795544963892,0.39228611795656443,3041.434,2010,,0.6335109828354942,,
PAK,t3,0.3333333333333333,0.521326249377978,0.527493962267323,179424.641,2010,418.50810929459686,0.5880775661051356,6858.45681333225,2.9403878305256783
PAN,t3,0.3333333333333333,0.5500107886831569,0.49351155070725755,3642.687,2010,42.93011386179749,0.7285724998575475,42932.18217137369,3.6428624992877374
PER,t3,0.33333333333333326,0.5653487376214419,0.4634262219787816,29027.674,2010,248.75934295434868,0.6829540548934441,29263.66094012585,3.4147702744672204
PHL,t3,0.3333333333333333,0.551787940266395,0.5508275739832231,93966.78,2010,332.0546077828365,0.6519878414948768,11519.792792024982,3.2599392074743836
PNG,t3,0.33333333333333326,0.5089494194439776,0.5579733634194329,7310.507,2010,15.207027572085849,0.6986343345437762,7266.357578354727,3.4931716727188813
POL,t3,0.3333333333333333,0.3439017945588605,0.2872160216318991,38329.781,2010,662.5675308389051,0.5952520220032083,51447.54968017314,2.9762601100160415
PRT,t3,0.3333333333333333,0.5990607975184445,0.4550057499052732,10596.058,2010,230.60379712874197,0.6006243317703973,65357.4430954261,3.003121658851986
PRY,t3,0.3333333333333333,0.5721501858888123,0.5193570532988945,6248.02,2010,29.996266772241036,0.7196593345619475,17275.147474442816,3.598296672809738
QAT,t3,0.33333333333333326,0.43554867610575254,0.46554795385733216,1856.327,2010,,0.671656308616928,,
ROU,t3,0.3333333333333333,0.40131227164262717,0.3601455564906533,20471.864,2010,234.34902635574073,0.524442395780951,30017.433886562038,2.622211978904755
RUS,t3,0.3333333333333333,0.3854695458087922,0.292201748088144,143479.274,2010,2010.3775271968639,0.6301013561886526,44143.7139672847,3.150506780943263
RWA,t3,0.3333333333333333,0.5095582154300795,0.5178689712241878,10039.338,2010,11.086926552034237,0.7560351183766658,4174.630751649463,3.7801755918833284
SAU,t3,0.3333333333333333,0.5609489339283061,0.47200734792276766,27421.461,2010,559.2363116192045,0.6335109828354942,64599.46561767423,3.167554914177471
SDN,t3,0.33333333333333326,0.5215644516552771,0.5596593394657506,34545.013,2010,88.12522030382412,0.6328106672009838,8071.581773278914,3.164053336004919
SEN,t3,0.33333333333333326,0.5068156157491676,0.5357380749679755,12678.148,2010,21.58159603963768,0.6707253384857471,5708.768863066057,3.353626692428735
SGP,t3,0.3333333333333333,0.5158033179428313,0.28174163188392126,5131.172,2010,263.8333946265791,0.7250559005000088,186403.76849864755,3.6252795025000437
SLB,t3,0.3333333333333333,0.5166645563356774,0.5928860650328396,527.861,2010,1.307751094944226,0.6693288591255833,8291.155705756355,3.3466442956279163
SLE,t3,0.33333333333333326,0.5309320098042872,0.39766293080426285,6415.634,2010,4.351883435502898,0.6219794376479784,2109.520284295865,3.1098971882398914
SLV,t3,0.33333333333333326,0.5459457681701863,0.5472594397729937,6183.875,2010,37.04142334866409,0.6408661863849032,19193.948551456062,3.2043309319245163
SRB,t3,0.3333333333333333,0.3704379510851456,0.2833980498894351,8991.254,2010,70.04375295597576,0.5428127766691955,21143.126437293602,2.714063883345977
STP,t3,0.33333333333333337,0.5082145033067483,0.5507741996156141,180.371,2010,0.2810829464932609,0.5975290907403588,4655.827085305817,2.987645453701794
SUR,t3,0.33333333333333326,0.5155764501833766,0.6015993452786252,529.131,2010,,0.758093107740595,,
SVK,t3,0.3333333333333333,0.2945101234553842,0.2254478696289645,5404.294,2010,109.48990695010632,0.5232561105938752,53005.31656863777,2.616280552969376
SVN,t3,0.3333333333333333,0.34066721772203057,0.29252283075690605,2043.337,2010,51.32285473442756,0.5069704786330292,63668.333293837895,2.534852393165146
SWE,t3,0.3333333333333333,0.46174630967051744,0.4067396150486917,9390.168,2010,316.7771014367621,0.5246673520633603,88498.20525316079,2.6233367603168016
SWZ,t3,0.3333333333333333,0.521240533134229,0.6104771353351406,1064.837,2010,5.637987396627411,0.7568737757290886,20037.07989297143,3.7843688786454437
SYR,t3,0.3333333333333333,0.5381071965278192,0.5587333016354901,21362.529,2010,96.93430163252933,0.6357532116685232,14423.922744288819,3.178766058342616
TCD,t3,0.3333333333333333,0.4962915496198288,0.38917920378971627,11952.136,2010,13.798873589621824,0.6942972250137864,4007.869238431715,3.4714861250689317
TGO,t3,0.3333333333333333,0.534577562166754,0.4356022844228362,6421.679,2010,5.396533630046934,0.7151829064580404,3005.061920983224,3.575914532290202
THA,t3,0.3333333333333333,0.5788341692138906,0.443769132248213,67195.028,2010,530.3670868449135,0.6374332537126248,25156.14829639177,3.1871662685631237
TJK,t3,0.3333333333333333,0.5219799473079505,0.466212582970967,7527.394,2010,13.345545695584383,0.5512925019895474,4887.016195069999,2.756462509947737
TKM,t3,0.3333333333333333,0.4025937201819686,0.31940100282649275,5087.213,2010,37.4197200458013,0.6280119675032017,23097.157529459324,3.1400598375160085
TON,t3,0.3333333333333333,0.5116760027327099,0.6246389906447639,103.986,2010,0.42274293433913285,0.6073873547114201,12346.311648259836,3.0369367735571005
TTO,t3,0.3333333333333333,0.5691921245872871,0.46625812250491216,1328.147,2010,30.961003519141737,0.6241443383843901,72748.47986394387,3.12072169192195
TUN,t3,0.3333333333333333,0.5743107969817416,0.5242677517209187,10635.244,2010,90.36665459033907,0.6360630107674692,27022.83388689296,3.180315053837346
TUR,t3,0.3333333333333333,0.59148641980163,0.5078624138821587,72326.988,2010,912.795531850223,0.6223659737705693,39272.53821446213,3.1118298688528467
TZA,t3,0.3333333333333333,0.5176646376962848,0.4626470206577986,44346.525,2010,56.24235848107449,0.6513316558734064,4130.247914543921,3.2566582793670324
UGA,t3,0.3333333333333333,0.5360043386447173,0.5538532928576095,32428.167,2010,38.150724958789226,0.6916629452028865,4068.5991882645453,3.4583147260144327
UKR,t3,0.3333333333333333,0.30595620062030526,0.20804558768329626,45792.09,2010,276.5484230127072,0.50459303282669,15236.737118945686,2.52296516413345
URY,t3,0.3333333333333333,0.5154240654243845,0.571559727785515,3359.275,2010,43.309135496432084,0.6481524116530002,41781.218594219004,3.2407620582650005
USA,t3,0.3333333333333333,0.4282145941466827,0.3574823901723987,309011.475,2010,13084.55659,0.6240618038458103,132124.09002089623,3.1203090192290515
UZB,t3,0.3333333333333333,0.45298409258866645,0.3761262238581836,28515.909,2010,78.64829417327228,0.5856224358272943,8075.878908053276,2.9281121791364724
VCT,t3,0.3333333333333333,0.5367563623398562,0.5525521555172439,108.255,2010,1.0830206594966636,0.6939725317132286,34713.71248296292,3.469862658566143
VEN,t3,0.3333333333333333,0.5529502956399,0.49439874947392415,28439.94,2010,316.3966012244212,0.6758454249430202,37594.17133176903,3.379227124715101
VNM,t3,0.3333333333333333,0.5472951092137026,0.5640954787650899,87967.651,2010,249.92344410750056,0.6739060788941175,9573.117295254298,3.3695303944705874
VUT,t3,0.33333333333333337,0.4992798180775254,0.5848162838796501,236.211,2010,0.9565630385219908,0.6466793290488884,13094.003749706131,3.2333966452444423
WSM,t3,0.3333333333333333,0.5249060754107931,0.6152071995716598,185.949,2010,0.7218842878104964,0.6894155122654593,13382.116227494087,3.447077561327296
YEM,t3,0.3333333333333333,0.529393941725538,0.47461037281925106,23154.855,2010,,0.636682640598127,,
ZAF,t3,0.3333333333333333,0.4925134681735577,0.5211963221682965,51216.964,2010,473.7724133922748,0.8452652436870915,39094.79625327291,4.2263262184354575
ZMB,t3,0.33333333333333337,0.544950749671116,0.5734898752789492,13605.984,2010,18.111837393999384,0.7884150638624274,5247.560718745489,3.942075319312137
