time,regions,populationin1
1950,USA,1.578e8
1950,CAN,1.37e7
1950,WEU,3.043e8
1950,JPK,1.04e8
1950,ANZ,1.01e7
1950,EEU,8.77e7
1950,FSU,1.801e8
1950,MDE,5.86e7
1950,CAM,3.5e7
1950,LAM,1.149e8
1950,SAS,4.641e8
1950,SEA,1.832e8
1950,CHI,5.672e8
1950,MAF,4.41e7
1950,SSA,1.758e8
1950,SIS,1.98e7
1951,USA,1.598547922732239e8
1951,CAN,1.4044208783810448e7
1951,WEU,3.0585354163280195e8
1951,JPK,1.057896148987934e8
1951,ANZ,1.0361199074855369e7
1951,EEU,8.90991237187153e7
1951,FSU,1.8265766709583718e8
1951,MDE,6.006960091035488e7
1951,CAM,3.591034538557639e7
1951,LAM,1.1801926583036949e8
1951,SAS,4.716282589925041e8
1951,SEA,1.8749929817340997e8
1951,CHI,5.830659043533545e8
1951,MAF,4.513936156185747e7
1951,SSA,1.791651164836803e8
1951,SIS,2.024096691074429e7
1952,USA,1.6223341437370166e8
1952,CAN,1.4410326152252732e7
1952,WEU,3.075776179683588e8
1952,JPK,1.0753121056985131e8
1952,ANZ,1.060325837239828e7
1952,EEU,9.047208483444089e7
1952,FSU,1.8555503214829615e8
1952,MDE,6.159244691294424e7
1952,CAM,3.687718744870131e7
1952,LAM,1.2124075593642293e8
1952,SAS,4.795703344851904e8
1952,SEA,1.9208966377584586e8
1952,CHI,5.960661067011845e8
1952,MAF,4.6237059261220396e7
1952,SSA,1.8269998076919848e8
1952,SIS,2.069655032344468e7
1953,USA,1.6486066694438776e8
1953,CAN,1.4798822957341524e7
1953,WEU,3.094002199658521e8
1953,JPK,1.0924998941071203e8
1953,ANZ,1.0838134244728638e7
1953,EEU,9.181475846819147e7
1953,FSU,1.8869576539553022e8
1953,MDE,6.31625047761376e7
1953,CAM,3.789917995226792e7
1953,LAM,1.2455223856077343e8
1953,SAS,4.879266455998612e8
1953,SEA,1.9696010094529423e8
1953,CHI,6.071615530389439e8
1953,MAF,4.739454704439714e7
1953,SSA,1.8639488430775425e8
1953,SIS,2.1160177794248335e7
1954,USA,1.6766917482730874e8
1954,CAN,1.5208334526288535e7
1954,WEU,3.11273727236549e8
1954,JPK,1.1096423669309784e8
1954,ANZ,1.1074682544231026e7
1954,EEU,9.31233670676032e7
1954,FSU,1.919996613427588e8
1954,MDE,6.477629457471254e7
1954,CAM,3.897512469300395e7
1954,LAM,1.279460622886169e8
1954,SAS,4.9669856861555135e8
1954,SEA,2.021006045796199e8
1954,CHI,6.171404984851794e8
1954,MAF,4.861197040848131e7
1954,SSA,1.9024441654032993e8
1954,SIS,2.1627711685518857e7
1955,USA,1.7059947251963648e8
1955,CAN,1.5635641707713792e7
1955,WEU,3.1317478778025585e8
1955,JPK,1.1268525735557525e8
1955,ANZ,1.131852442881957e7
1955,EEU,9.439470161495541e7
1955,FSU,1.9540284071353942e8
1955,MDE,6.64327010602113e7
1955,CAM,4.010391838344865e7
1955,LAM,1.3141916918060647e8
1955,SAS,5.058885227422928e8
1955,SEA,2.0750190452131686e8
1955,CHI,6.266185978511784e8
1955,MAF,4.988805471696293e7
1955,SSA,1.94247384389193e8
1955,SIS,2.2097509205653735e7
1956,USA,1.73600040939673e8
1956,CAN,1.6075542185395868e7
1956,WEU,3.151060195654131e8
1956,JPK,1.1441702428529313e8
1956,ANZ,1.1572045360484557e7
1956,EEU,9.562597849256833e7
1956,FSU,1.9885826278920087e8
1956,MDE,6.813338981293736e7
1956,CAM,4.128461273627383e7
1956,LAM,1.349733160112795e8
1956,SAS,5.155000412743502e8
1956,SEA,2.1315549596177962e8
1956,CHI,6.360319551837484e8
1956,MAF,5.122019946545117e7
1956,SSA,1.9840699073456523e8
1956,SIS,2.257054632104825e7
1957,USA,1.7662725277471069e8
1957,CAN,1.6520978166953824e7
1957,WEU,3.170943924377436e8
1957,JPK,1.1615655552307506e8
1957,ANZ,1.1834459198309788e7
1957,EEU,9.681491455339852e7
1957,FSU,2.02335153379379e8
1957,MDE,6.988229677513729e7
1957,CAM,4.251630996981256e7
1957,LAM,1.386148833372642e8
1957,SAS,5.2553760101739466e8
1957,SEA,2.1905368347507593e8
1957,CHI,6.456440630284355e8
1957,MAF,5.260440963163715e7
1957,SSA,2.0273080822511095e8
1957,SIS,2.3050456079383146e7
1958,USA,1.796449541437439e8
1958,CAN,1.6963482296666183e7
1958,WEU,3.191867187342175e8
1958,JPK,1.1789508665762556e8
1958,ANZ,1.2102292901916469e7
1958,EEU,9.795968408056436e7
1958,FSU,2.058170519631659e8
1958,MDE,7.168569534092547e7
1958,CAM,4.379824640363618e7
1958,LAM,1.423539319507489e8
1958,SAS,5.360065657557957e8
1958,SEA,2.2518929060473332e8
1958,CHI,6.55566251834771e8
1958,MAF,5.403563585159724e7
1958,SSA,2.072298451853718e8
1958,SIS,2.354272126569562e7
1959,USA,1.8262385348717836e8
1959,CAN,1.739380113536325e7
1959,WEU,3.214423947319823e8
1959,JPK,1.196199629678312e8
1959,ANZ,1.2370164660752214e7
1959,EEU,9.90591750283117e7
1959,FSU,2.092985317219013e8
1959,MDE,7.355117250569472e7
1959,CAM,4.512977243044738e7
1959,LAM,1.4620263198563185e8
1959,SAS,5.469125224806501e8
1959,SEA,2.315555990551967e8
1959,CHI,6.657917553377398e8
1959,MAF,5.55080674632351e7
1959,SSA,2.1191783946894515e8
1959,SIS,2.405427584018648e7
1960,USA,1.8553961371031326e8
1960,CAN,1.780399703584006e7
1960,WEU,3.2391095012780935e8
1960,JPK,1.2132050445221108e8
1960,ANZ,1.2633004116270924e7
1960,EEU,1.0011302605684106e8
1960,FSU,2.1277553273863694e8
1960,MDE,7.548614705386727e7
1960,CAM,4.651006776864548e7
1960,LAM,1.5017089674181712e8
1960,SAS,5.582601624320393e8
1960,SEA,2.3814510211670107e8
1960,CHI,6.762982140284055e8
1960,MAF,5.7016357960675456e7
1960,SSA,2.168080846777202e8
1960,SIS,2.4591027976387188e7
1961,USA,1.8837086483280265e8
1961,CAN,1.8189615857745953e7
1961,WEU,3.266084147603506e8
1961,JPK,1.2299408188932382e8
1961,ANZ,1.2888608071000472e7
1961,EEU,1.0112213801329798e8
1961,FSU,2.162348277024825e8
1961,MDE,7.749567017614752e7
1961,CAM,4.793826946805398e7
1961,LAM,1.5426143967324758e8
1961,SAS,5.700518531607963e8
1961,SEA,2.4494868899205932e8
1961,CHI,6.871569082546395e8
1961,MAF,5.855681151281593e7
1961,SSA,2.219100759644798e8
1961,SIS,2.5155444416587308e7
1962,USA,1.9109741338581976e8
1962,CAN,1.8551615266195517e7
1962,WEU,3.29496465308752e8
1962,JPK,1.246516128179113e8
1962,ANZ,1.3139685456378182e7
1962,EEU,1.0208884609367207e8
1962,FSU,2.1964530119506273e8
1962,MDE,7.958096602058092e7
1962,CAM,4.9413148847846456e7
1962,LAM,1.584656708696936e8
1962,SAS,5.822864503669302e8
1962,SEA,2.5195481968764246e8
1962,CHI,6.986282715467019e8
1962,MAF,6.0128483413175665e7
1962,SSA,2.272267863237364e8
1962,SIS,2.5744330276029628e7
1963,USA,1.936995080860325e8
1963,CAN,1.8897155803055935e7
1963,WEU,3.3247363015114635e8
1963,JPK,1.2631983598165841e8
1963,ANZ,1.3394790687316312e7
1963,EEU,1.0301691784091422e8
1963,FSU,2.229537306001529e8
1963,MDE,8.173835339217108e7
1963,CAM,5.093321686180511e7
1963,LAM,1.6276181198413277e8
1963,SAS,5.949587754594264e8
1963,SEA,2.591490133828811e8
1963,CHI,7.112029084912041e8
1963,MAF,6.173364628537128e7
1963,SSA,2.327533173469134e8
1963,SIS,2.634823630939256e7
1964,USA,1.9615994940820122e8
1964,CAN,1.9237321444460735e7
1964,WEU,3.354002524988035e8
1964,JPK,1.2803475815531766e8
1964,ANZ,1.3665777967668334e7
1964,EEU,1.0391140700751115e8
1964,FSU,2.2609585860444692e8
1964,MDE,8.396171446764342e7
1964,CAM,5.2496819014132485e7
1964,LAM,1.671200614933644e8
1964,SAS,6.080610932042749e8
1964,SEA,2.6651498387253922e8
1964,CHI,7.254854986898994e8
1964,MAF,6.3376421180884264e7
1964,SSA,2.3848057739369687e8
1964,SIS,2.6953705932896584e7
1965,USA,1.9847041432826844e8
1965,CAN,1.9580241370637808e7
1965,WEU,3.381731144236491e8
1965,JPK,1.2982233002977279e8
1965,ANZ,1.3960100113610432e7
1965,EEU,1.047777236810425e8
1965,FSU,2.2902903170655897e8
1965,MDE,8.624830244935803e7
1965,CAM,5.4102406174289726e7
1965,LAM,1.7151757627729997e8
1965,SAS,6.215873195124276e8
1965,SEA,2.7403774394766545e8
1965,CHI,7.41853479446006e8
1965,MAF,6.5059042812116675e7
1965,SSA,2.4440518219725028e8
1965,SIS,2.7550996089347214e7
1966,USA,2.0061882372965813e8
1966,CAN,1.992710967027689e7
1966,WEU,3.407492122656543e8
1966,JPK,1.3168395440017824e8
1966,ANZ,1.4281221152440844e7
1966,EEU,1.0561709201268497e8
1966,FSU,2.3172836712219396e8
1966,MDE,8.859956220148931e7
1966,CAM,5.5747332890575334e7
1966,LAM,1.75949947730948e8
1966,SAS,6.35543674931194e8
1966,SEA,2.817035791850141e8
1966,CHI,7.604938862403797e8
1966,MAF,6.678548161031934e7
1966,SSA,2.5052961297126448e8
1966,SIS,2.8135840119372543e7
1967,USA,2.0261543532217732e8
1967,CAN,2.0275345635407746e7
1967,WEU,3.431460458616954e8
1967,JPK,1.3361112885985671e8
1967,ANZ,1.4623537952406574e7
1967,EEU,1.0643403325416808e8
1967,FSU,2.3421197480678555e8
1967,MDE,9.102343172613746e7
1967,CAM,5.743033739224692e7
1967,LAM,1.8041944683139843e8
1967,SAS,6.499322804118347e8
1967,SEA,2.895017893779008e8
1967,CHI,7.811405827078753e8
1967,MAF,6.85526513977045e7
1967,SSA,2.5686812650965163e8
1967,SIS,2.8710626841243662e7
1968,USA,2.04504088071366e8
1968,CAN,2.0624721820565652e7
1968,WEU,3.453944315031537e8
1968,JPK,1.3560621960615808e8
1968,ANZ,1.4974259950728495e7
1968,EEU,1.0724123133330128e8
1968,FSU,2.365346531933794e8
1968,MDE,9.35314971615954e7
1968,CAM,5.91529026300114e7
1968,LAM,1.8491897980590832e8
1968,SAS,6.647391548307823e8
1968,SEA,2.974239829474203e8
1968,CHI,8.031370182796239e8
1968,MAF,7.034767773074533e7
1968,SSA,2.6344406154681894e8
1968,SIS,2.9280809658810493e7
1969,USA,2.063458741264686e8
1969,CAN,2.0974127932758395e7
1969,WEU,3.475509964238676e8
1969,JPK,1.3766953146157593e8
1969,ANZ,1.531553123334836e7
1969,EEU,1.0805434297347447e8
1969,FSU,2.3877686245422193e8
1969,MDE,9.613881679283677e7
1969,CAM,6.0917462454265624e7
1969,LAM,1.8944219943514663e8
1969,SAS,6.799457076993433e8
1969,SEA,3.0546304529406613e8
1969,CHI,8.255547288992623e8
1969,MAF,7.215314809107381e7
1969,SSA,2.7028719458701986e8
1969,SIS,2.9854805643510602e7
1970,USA,2.081882255827995e8
1970,CAN,2.1322339956261385e7
1970,WEU,3.496546940859179e8
1970,JPK,1.397951963382404e8
1970,ANZ,1.563411058345865e7
1970,EEU,1.0888497508968759e8
1970,FSU,2.40999941060099e8
1970,MDE,9.88580103319214e7
1970,CAM,6.272468737120123e7
1970,LAM,1.9398671452570933e8
1970,SAS,6.955430195207411e8
1970,SEA,3.1360984570061177e8
1970,CHI,8.476660973537126e8
1970,MAF,7.395853033344421e7
1970,SSA,2.774222194293708e8
1970,SIS,3.0438413108783823e7
1971,USA,2.1004712073869243e8
1971,CAN,2.1670624802215796e7
1971,WEU,3.5171184776767164e8
1971,JPK,1.4199001106412727e8
1971,ANZ,1.5927069751328217e7
1971,EEU,1.0973511755319098e8
1971,FSU,2.432242293839396e8
1971,MDE,1.0169884665527008e8
1971,CAM,6.457453645381689e7
1971,LAM,1.985465688138408e8
1971,SAS,7.115209923836426e8
1971,SEA,3.2187093890860033e8
1971,CHI,8.693048754226797e8
1971,MAF,7.576042064556873e7
1971,SSA,2.848571287246974e8
1971,SIS,3.1033527779931966e7
1972,USA,2.1192092797935474e8
1972,CAN,2.201851062103913e7
1972,WEU,3.53697798472542e8
1972,JPK,1.442376712039858e8
1972,ANZ,1.6197364025929911e7
1972,EEU,1.1060286857556635e8
1972,FSU,2.4544209804493603e8
1972,MDE,1.0466564382600464e8
1972,CAM,6.646247202969116e7
1972,LAM,2.0312773876771924e8
1972,SAS,7.278960100517153e8
1972,SEA,3.3023454693234766e8
1972,CHI,8.904986827781107e8
1972,MAF,7.756877123357359e7
1972,SSA,2.9259679178211915e8
1972,SIS,3.163662391447999e7
1973,USA,2.1381784910046098e8
1973,CAN,2.2360804074620403e7
1973,WEU,3.55585544549571e8
1973,JPK,1.4648056224810863e8
1973,ANZ,1.6445069517721858e7
1973,EEU,1.11490273079834e8
1973,FSU,2.476537509840279e8
1973,MDE,1.0775907857727814e8
1973,CAM,6.837914968071714e7
1973,LAM,2.0775502430575317e8
1973,SAS,7.44718287215699e8
1973,SEA,3.386529476468411e8
1973,CHI,9.109550272874327e8
1973,MAF,7.940349675598544e7
1973,SSA,3.006512915634484e8
1973,SIS,3.2241671981818527e7
1974,USA,2.157417157138504e8
1974,CAN,2.269058104466759e7
1974,WEU,3.57337236774695e8
1974,JPK,1.4864283640820017e8
1974,ANZ,1.6671942775961388e7
1974,EEU,1.1239840807880363e8
1974,FSU,2.4985110517617124e8
1974,MDE,1.109772704465646e8
1974,CAM,7.031231830090794e7
1974,LAM,2.1246232036714372e8
1974,SAS,7.620555081478804e8
1974,SEA,3.470646153878554e8
1974,CHI,9.303852502547271e8
1974,MAF,8.129207259705992e7
1974,SSA,3.0903044137553006e8
1974,SIS,3.2839848683659602e7
1975,USA,2.176956211306368e8
1975,CAN,2.3003180894289706e7
1975,WEU,3.589275909796686e8
1975,JPK,1.506700069184001e8
1975,ANZ,1.688041933530861e7
1975,EEU,1.1332537278499804e8
1975,FSU,2.520305424106481e8
1975,MDE,1.1432206003136238e8
1975,CAM,7.225269878120139e7
1975,LAM,2.1727460668965966e8
1975,SAS,7.799556008884213e8
1975,SEA,3.554319316842895e8
1975,CHI,9.486113446700683e8
1975,MAF,8.325616860209337e7
1975,SSA,3.177411707690316e8
1975,SIS,3.342521518784156e7
1976,USA,2.1968811692018977e8
1976,CAN,2.329778362273237e7
1976,WEU,3.6035562120219374e8
1976,JPK,1.525348273373587e8
1976,ANZ,1.706907312612701e7
1976,EEU,1.1427310702260402e8
1976,FSU,2.5419399266513026e8
1976,MDE,1.1778334203330956e8
1976,CAM,7.419534243758832e7
1976,LAM,2.2219604134345347e8
1976,SAS,7.984289655062333e8
1976,SEA,3.637207399582894e8
1976,CHI,9.655046884047037e8
1976,MAF,8.529874594432835e7
1976,SSA,3.2679383721064186e8
1976,SIS,3.3995707146596394e7
1977,USA,2.2172439006741592e8
1977,CAN,2.3576904098489217e7
1977,WEU,3.6163725490782076e8
1977,JPK,1.5424960678476676e8
1977,ANZ,1.7239974152586997e7
1977,EEU,1.1523447608222875e8
1977,FSU,2.563542634306229e8
1977,MDE,1.2137053237748411e8
1977,CAM,7.614028497234654e7
1977,LAM,2.272204943067358e8
1977,SAS,8.174583741458322e8
1977,SEA,3.7195853091331166e8
1977,CHI,9.811568270195463e8
1977,MAF,8.741935481232762e7
1977,SSA,3.361903127654208e8
1977,SIS,3.455393565326434e7
1978,USA,2.237988263070427e8
1978,CAN,2.3843583905866887e7
1978,WEU,3.6278656591322285e8
1978,JPK,1.5584829779683304e8
1978,ANZ,1.7403614641922902e7
1978,EEU,1.1618702284547456e8
1978,FSU,2.585305171967746e8
1978,MDE,1.2512673196504886e8
1978,CAM,7.808921832512578e7
1978,LAM,2.3234858282461435e8
1978,SAS,8.370281038914157e8
1978,SEA,3.8024504838272554e8
1978,CHI,9.959115252440295e8
1978,MAF,8.963134917525046e7
1978,SSA,3.4591606904452527e8
1978,SIS,3.510417247698896e7
1979,USA,2.259014580824416e8
1979,CAN,2.410235998334572e7
1979,WEU,3.6382424054230034e8
1979,JPK,1.57384921240155e8
1979,ANZ,1.7573801632111233e7
1979,EEU,1.171012876087991e8
1979,FSU,2.6074642603508356e8
1979,MDE,1.2910894778560771e8
1979,CAM,8.004616640386309e7
1979,LAM,2.3757811976835254e8
1979,SAS,8.571114664311869e8
1979,SEA,3.8871923674153614e8
1979,CHI,1.0102686094866278e9
1979,MAF,9.194973367702885e7
1979,SSA,3.559494783616131e8
1979,SIS,3.5652949183449484e7
1980,USA,2.2802497790568072e8
1980,CAN,2.4357499926092602e7
1980,WEU,3.6477160619322956e8
1980,JPK,1.5889769308795878e8
1980,ANZ,1.7760800020465348e7
1980,EEU,1.1795492435828602e8
1980,FSU,2.6301717011529046e8
1980,MDE,1.333517826832001e8
1980,CAM,8.201342024984431e7
1980,LAM,2.4290405201188084e8
1980,SAS,8.776822841971269e8
1980,SEA,3.9747644273641515e8
1980,CHI,1.0246435980256135e9
1980,MAF,9.43827811594484e7
1980,SSA,3.662764788891331e8
1980,SIS,3.620520436699675e7
1981,USA,2.30171022359929e8
1981,CAN,2.4608169767403595e7
1981,WEU,3.656338789246192e8
1981,JPK,1.6039895202465856e8
1981,ANZ,1.796814794183479e7
1981,EEU,1.1873434031145006e8
1981,FSU,2.653298553958453e8
1981,MDE,1.3786653401774767e8
1981,CAM,8.399105300919947e7
1981,LAM,2.4832740492964175e8
1981,SAS,8.987363435530682e8
1981,SEA,4.065450314557276e8
1981,CHI,1.0389770863309423e9
1981,MAF,9.693297224549189e7
1981,SSA,3.768869808754e8
1981,SIS,3.6761690441513985e7
1982,USA,2.3234298385255644e8
1982,CAN,2.48559406766073e7
1982,WEU,3.6642621293723345e8
1982,JPK,1.6187242929656667e8
1982,ANZ,1.8194148934166033e7
1982,EEU,1.1944026315259667e8
1982,FSU,2.6767054624415556e8
1982,MDE,1.4262177550729597e8
1982,CAM,8.597582796567628e7
1982,LAM,2.538393865671803e8
1982,SAS,9.202602209049104e8
1982,SEA,4.158798347332586e8
1982,CHI,1.0532903114585019e9
1982,MAF,9.95909059785848e7
1982,SSA,3.8779040769453645e8
1982,SIS,3.7321469763893746e7
1983,USA,2.345374103556769e8
1983,CAN,2.511021473047975e7
1983,WEU,3.671928900639999e8
1983,JPK,1.632945618190868e8
1983,ANZ,1.843712756592686e7
1983,EEU,1.200819025423772e8
1983,FSU,2.7004858812942255e8
1983,MDE,1.4755500170537224e8
1983,CAM,8.796284432856508e7
1983,LAM,2.5941199763578367e8
1983,SAS,9.42205508659174e8
1983,SEA,4.254113180003278e8
1983,CHI,1.0681613957505933e9
1983,MAF,1.0233698635932797e8
1983,SSA,3.990148024931471e8
1983,SIS,3.7885792950760275e7
1984,USA,2.3674993367280546e8
1984,CAN,2.5382997657827247e7
1984,WEU,3.679887097316334e8
1984,JPK,1.6463013698710698e8
1984,ANZ,1.869333139124086e7
1984,EEU,1.2067559484330584e8
1984,FSU,2.7247611702980167e8
1984,MDE,1.5257949256429124e8
1984,CAM,8.994576624974869e7
1984,LAM,2.6500882067410067e8
1984,SAS,9.645117138939404e8
1984,SEA,4.350356433311594e8
1984,CHI,1.0843149045284646e9
1984,MAF,1.0514403309616265e8
1984,SSA,4.1059938939915526e8
1984,SIS,3.845584035937698e7
1985,USA,2.389787284224722e8
1985,CAN,2.568219418611645e7
1985,WEU,3.68855738339632e8
1985,JPK,1.6585594139534646e8
1985,ANZ,1.8959414554310594e7
1985,EEU,1.212307779306443e8
1985,FSU,2.74947690209291e8
1985,MDE,1.5762587515732124e8
1985,CAM,9.192018754568218e7
1985,LAM,2.706014260392188e8
1985,SAS,9.87132009982157e8
1985,SEA,4.446699716672799e8
1985,CHI,1.1021835266508653e9
1985,MAF,1.0798826970981783e8
1985,SSA,4.225695508988234e8
1985,SIS,3.903204759778152e7
1986,USA,2.4122773651447117e8
1986,CAN,2.60120778959212e7
1986,WEU,3.698036933813299e8
1986,JPK,1.6696344205293116e8
1986,ANZ,1.923579265829556e7
1986,EEU,1.2175370468452398e8
1986,FSU,2.7747698961785096e8
1986,MDE,1.626725387501807e8
1986,CAM,9.388261287629646e7
1986,LAM,2.7617675157198626e8
1986,SAS,1.0100266485817223e9
1986,SEA,4.542950843638983e8
1986,CHI,1.1221064983648534e9
1986,MAF,1.108621590409952e8
1986,SSA,4.349346686570534e8
1986,SIS,3.9615262888076544e7
1987,USA,2.4350289615221295e8
1987,CAN,2.6368603649700202e7
1987,WEU,3.708309070696949e8
1987,JPK,1.6796766395621735e8
1987,ANZ,1.9522243380541768e7
1987,EEU,1.2223250394144894e8
1987,FSU,2.800195770221662e8
1987,MDE,1.6771547933838055e8
1987,CAM,9.583438760791112e7
1987,LAM,2.817338597871985e8
1987,SAS,1.0331893496885129e9
1987,SEA,4.6391120368672276e8
1987,CHI,1.1437233850376694e9
1987,MAF,1.1375792416758023e8
1987,SSA,4.476778785685954e8
1987,SIS,4.020461245930089e7
1988,USA,2.458077010979451e8
1988,CAN,2.6740927885166403e7
1988,WEU,3.719515615579836e8
1988,JPK,1.688973409579866e8
1988,ANZ,1.9813802516563132e7
1988,EEU,1.22636983308865e8
1988,FSU,2.824409558596749e8
1988,MDE,1.727241233626318e8
1988,CAM,9.778175615598084e7
1988,LAM,2.872713161708574e8
1988,SAS,1.0566463873660327e9
1988,SEA,4.7347725765879107e8
1988,CHI,1.165898092204831e9
1988,MAF,1.1665084697770342e8
1988,SSA,4.607654242934758e8
1988,SIS,4.079711348222299e7
1989,USA,2.4814635658540812e8
1989,CAN,2.711339676796762e7
1989,WEU,3.7317769313997513e8
1989,JPK,1.697929777488499e8
1989,ANZ,2.010412285473312e7
1989,EEU,1.2292646353250244e8
1989,FSU,2.8456478088701564e8
1989,MDE,1.776686410867233e8
1989,CAM,9.973382869683903e7
1989,LAM,2.927923837371983e8
1989,SAS,1.0804432684950075e9
1989,SEA,4.8294960461799693e8
1989,CHI,1.1870500309421954e9
1989,MAF,1.1951217642597176e8
1989,SSA,4.741497485892999e8
1989,SIS,4.13885567824026e7
1990,USA,2.508571580065481e8
1990,CAN,2.7556291106216624e7
1990,WEU,3.749376968956399e8
1990,JPK,1.7077281361916843e8
1990,ANZ,2.038835432218691e7
1990,EEU,1.2295019100036053e8
1990,FSU,2.8653591469659805e8
1990,MDE,1.823607730017072e8
1990,CAM,1.0157697781394827e8
1990,LAM,2.981780110693548e8
1990,SAS,1.1043313278087559e9
1990,SEA,4.921676524738759e8
1990,CHI,1.205830433341551e9
1990,MAF,1.2225576908606912e8
1990,SSA,4.877101283723724e8
1990,SIS,4.193865653090257e7
1991,USA,2.5359554427444118e8
1991,CAN,2.7985872062684894e7
1991,WEU,3.7684008436036044e8
1991,JPK,1.717585468491977e8
1991,ANZ,2.0665393222634107e7
1991,EEU,1.228226293927588e8
1991,FSU,2.8804160381995803e8
1991,MDE,1.8695174656674117e8
1991,CAM,1.0343096272374365e8
1991,LAM,3.03536973895282e8
1991,SAS,1.128572039269347e9
1991,SEA,5.012297300887045e8
1991,CHI,1.2220309639538615e9
1991,MAF,1.2493364912532587e8
1991,SSA,5.015267849054821e8
1991,SIS,4.248273359779754e7
1992,USA,2.563691375745148e8
1992,CAN,2.8404492855337292e7
1992,WEU,3.788711061468864e8
1992,JPK,1.7274201754142997e8
1992,ANZ,2.093572526366638e7
1992,EEU,1.2255953374144776e8
1992,FSU,2.891152527120478e8
1992,MDE,1.9144124776998183e8
1992,CAM,1.0529159699632923e8
1992,LAM,3.0886180621553797e8
1992,SAS,1.1531162899399822e9
1992,SEA,5.101328598893669e8
1992,CHI,1.2359744935640113e9
1992,MAF,1.2754471859418724e8
1992,SSA,5.156056872335679e8
1992,SIS,4.302082152599397e7
1993,USA,2.5923599293872207e8
1993,CAN,2.8811922991083924e7
1993,WEU,3.8092849445177495e8
1993,JPK,1.7371198535655388e8
1993,ANZ,2.1198417085257724e7
1993,EEU,1.2219084577536696e8
1993,FSU,2.8980663852131444e8
1993,MDE,1.958341890822425e8
1993,CAM,1.071501978731265e8
1993,LAM,3.1415845132902575e8
1993,SAS,1.1778845863981967e9
1993,SEA,5.189030521421721e8
1993,CHI,1.2481731142900867e9
1993,MAF,1.300900226674689e8
1993,SSA,5.299239472976625e8
1993,SIS,4.355253952593982e7
1994,USA,2.6227363239813963e8
1994,CAN,2.920934841126027e7
1994,WEU,3.8287244561772686e8
1994,JPK,1.7464952820388338e8
1994,ANZ,2.145292089809144e7
1994,EEU,1.2175967363389866e8
1994,FSU,2.901997952952279e8
1994,MDE,2.001424220369957e8
1994,CAM,1.0899458423064417e8
1994,LAM,3.1943658661549306e8
1994,SAS,1.2027760177345974e9
1994,SEA,5.275833650761313e8
1994,CHI,1.2594607888405988e9
1994,MAF,1.325758117165738e8
1994,SSA,5.44455761262021e8
1994,SIS,4.407798806603909e7
1995,USA,2.6552842687176406e8
1995,CAN,2.9598162140481357e7
1995,WEU,3.846128000578057e8
1995,JPK,1.7554049896747687e8
1995,ANZ,2.1699476066551942e7
1995,EEU,1.2129969357720168e8
1995,FSU,2.9036810117637324e8
1995,MDE,2.0438067222830525e8
1995,CAM,1.108160089477498e8
1995,LAM,3.2469982424867254e8
1995,SAS,1.2277087221475227e9
1995,SEA,5.3620346499592006e8
1995,CHI,1.2704563685453267e9
1995,MAF,1.3500774940213424e8
1995,SSA,5.591902234114575e8
1995,SIS,4.4597019538208716e7
1996,USA,2.6903619854091936e8
1996,CAN,2.9977892052340858e7
1996,WEU,3.8609159635570616e8
1996,JPK,1.7638307569849014e8
1996,ANZ,2.1938434103696644e7
1996,EEU,1.2082132063713214e8
1996,FSU,2.9032891654681987e8
1996,MDE,2.0855544694791487e8
1996,CAM,1.1261428774849945e8
1996,LAM,3.2994963236872226e8
1996,SAS,1.252631603432735e9
1996,SEA,5.447757516965764e8
1996,CHI,1.28128315065206e9
1996,MAF,1.373886348827007e8
1996,SSA,5.741287359315926e8
1996,SIS,4.5109215212843105e7
1997,USA,2.727560033223908e8
1997,CAN,3.034914254062529e7
1997,WEU,3.8736520606160325e8
1997,JPK,1.7718157087392393e8
1997,ANZ,2.2171717800592497e7
1997,EEU,1.203239404802843e8
1997,FSU,2.900956507376079e8
1997,MDE,2.1268253046942127e8
1997,CAM,1.1439252044385329e8
1997,LAM,3.351727169655612e8
1997,SAS,1.277532490627333e9
1997,SEA,5.532845585636953e8
1997,CHI,1.2917623602664704e9
1997,MAF,1.397204743050334e8
1997,SSA,5.893016076448928e8
1997,SIS,4.561395310155525e7
1998,USA,2.7656333741988635e8
1998,CAN,3.071618011392414e7
1998,WEU,3.8859752890218e8
1998,JPK,1.7793500773453644e8
1998,ANZ,2.240346816258929e7
1998,EEU,1.198171488957259e8
1998,FSU,2.897298508002434e8
1998,MDE,2.1679967486283854e8
1998,CAM,1.161498242179467e8
1998,LAM,3.403403783836518e8
1998,SAS,1.3024154064606628e9
1998,SEA,5.616989814555565e8
1998,CHI,1.30186574429737e9
1998,MAF,1.420098552253237e8
1998,SSA,6.047645144068767e8
1998,SIS,4.611104247537484e7
1999,USA,2.802854322111057e8
1999,CAN,3.1084741474966776e7
1999,WEU,3.9002007641671824e8
1999,JPK,1.786432470370865e8
1999,ANZ,2.263912707701945e7
1999,EEU,1.1930898459930892e8
1999,FSU,2.893050510902195e8
1999,MDE,2.2095402288764998e8
1999,CAM,1.1788586407852705e8
1999,LAM,3.4541483638672405e8
1999,SAS,1.3273011986843245e9
1999,SEA,5.699749722412206e8
1999,CHI,1.3114970740841122e9
1999,MAF,1.442641902980163e8
1999,SSA,6.205867286922084e8
1999,SIS,4.66004150365425e7
2000,USA,2.837998577961222e8
2000,CAN,3.1459631818672504e7
2000,WEU,3.9179522592431664e8
2000,JPK,1.793061518275692e8
2000,ANZ,2.2883589635394085e7
2000,EEU,1.1880594407250254e8
2000,FSU,2.888818440956114e8
2000,MDE,2.2518654697091624e8
2000,CAM,1.1960221489689438e8
2000,LAM,3.503678423723364e8
2000,SAS,1.352194102979391e9
2000,SEA,5.780838664264973e8
2000,CHI,1.32060265020678e9
2000,MAF,1.4649311558573198e8
2000,SSA,6.368272040144396e8
2000,SIS,4.708197415494147e7
2001,USA,2.870500230518032e8
2001,CAN,3.184128115266779e7
2001,WEU,3.939777371373604e8
2001,JPK,1.7992446427929166e8
2001,ANZ,2.313612577631677e7
2001,EEU,1.1831454520712097e8
2001,FSU,2.884933902431053e8
2001,MDE,2.2949742059041157e8
2001,CAM,1.2129462363948482e8
2001,LAM,3.5519167538324463e8
2001,SAS,1.37708082635236e9
2001,SEA,5.860210452647418e8
2001,CHI,1.329219517584262e9
2001,MAF,1.487051435524263e8
2001,SSA,6.535116777244829e8
2001,SIS,4.755652603247541e7
2002,USA,2.9007557785268086e8
2002,CAN,3.223041371014275e7
2002,WEU,3.9650276022435147e8
2002,JPK,1.8049782167868385e8
2002,ANZ,2.339847000408279e7
2002,EEU,1.1783871181286459e8
2002,FSU,2.881669426285672e8
2002,MDE,2.338983403817605e8
2002,CAM,1.229677091603312e8
2002,LAM,3.598904532053021e8
2002,SAS,1.401907492892094e9
2002,SEA,5.938093991317658e8
2002,CHI,1.3374545261121893e9
2002,MAF,1.509119430266119e8
2002,SSA,6.706605648106225e8
2002,SIS,4.802413462454991e7
2003,USA,2.9296760750361377e8
2003,CAN,3.2632336098464094e7
2003,WEU,3.9926517181038785e8
2003,JPK,1.810242602641507e8
2003,ANZ,2.368053466651853e7
2003,EEU,1.1737776349183378e8
2003,FSU,2.8795309271489435e8
2003,MDE,2.3845282243507683e8
2003,CAM,1.2464279256237617e8
2003,LAM,3.644633683157008e8
2003,SAS,1.4265921144522302e9
2003,SEA,6.014847001234899e8
2003,CHI,1.345401691492161e9
2003,MAF,1.5313000243458256e8
2003,SSA,6.883213037244202e8
2003,SIS,4.848306955479034e7
2004,USA,2.958653773121112e8
2004,CAN,3.3053402276731916e7
2004,WEU,4.0210454386028606e8
2004,JPK,1.815013222357947e8
2004,ANZ,2.399483688169599e7
2004,EEU,1.1692853413826767e8
2004,FSU,2.879061954842195e8
2004,MDE,2.4323883734502083e8
2004,CAM,1.263481551777436e8
2004,LAM,3.689134071127259e8
2004,SAS,1.4510319973092914e9
2004,SEA,6.090974148261926e8
2004,CHI,1.353175010134745e9
2004,MAF,1.5537873101107362e8
2004,SSA,7.065462701049964e8
2004,SIS,4.8931016803019315e7
2005,USA,2.988670588127193e8
2005,CAN,3.349755556079758e7
2005,WEU,4.048977157507709e8
2005,JPK,1.819284073861312e8
2005,ANZ,2.4349152887316316e7
2005,EEU,1.1648822862591532e8
2005,FSU,2.8806737136844873e8
2005,MDE,2.4830368434375918e8
2005,CAM,1.2810276654806654e8
2005,LAM,3.7324578342678297e8
2005,SAS,1.4751481429423065e9
2005,SEA,6.166885509833673e8
2005,CHI,1.3608648213874364e9
2005,MAF,1.5767722290522915e8
2005,SSA,7.253733733191221e8
2005,SIS,4.936698294914534e7
2006,USA,3.02000088968667e8
2006,CAN,3.396749802102151e7
2006,WEU,4.0761772791086054e8
2006,JPK,1.823005914573735e8
2006,ANZ,2.474802504250916e7
2006,EEU,1.1605887974887913e8
2006,FSU,2.884563706644634e8
2006,MDE,2.5367505898507234e8
2006,CAM,1.2991428014670569e8
2006,LAM,3.7745585310993516e8
2006,SAS,1.4989168723871045e9
2006,SEA,6.242589309577138e8
2006,CHI,1.3685037206602938e9
2006,MAF,1.6002659034589756e8
2006,SSA,7.448280530330439e8
2006,SIS,4.978929330502479e7
2007,USA,3.052214589317173e8
2007,CAN,3.446047724151895e7
2007,WEU,4.102835054972554e8
2007,JPK,1.8262115593219277e8
2007,ANZ,2.518585655852158e7
2007,EEU,1.1564114210472846e8
2007,FSU,2.890731809946799e8
2007,MDE,2.5931575842541674e8
2007,CAM,1.3177333854955523e8
2007,LAM,3.8154892250736815e8
2007,SAS,1.5223360620943398e9
2007,SEA,6.318106318852262e8
2007,CHI,1.3761024949342277e9
2007,MAF,1.6243800118489084e8
2007,SSA,7.649221807523315e8
2007,SIS,5.020007844198015e7
2008,USA,3.0847457712776434e8
2008,CAN,3.496809817412391e7
2008,WEU,4.1287160534941345e8
2008,JPK,1.829074099581888e8
2008,ANZ,2.564757059337598e7
2008,EEU,1.1522901863681993e8
2008,FSU,2.899110938328683e8
2008,MDE,2.651254665735936e8
2008,CAM,1.3366061048388329e8
2008,LAM,3.8555306920570946e8
2008,SAS,1.5453777717596438e9
2008,SEA,6.393860804849063e8
2008,CHI,1.3836983860848327e9
2008,MAF,1.6494982992725143e8
2008,SSA,7.856716299996564e8
2008,SIS,5.06067494027189e7
2009,USA,3.116737803552238e8
2009,CAN,3.547840496272206e7
2009,WEU,4.153653459955568e8
2009,JPK,1.8318275608569238e8
2009,ANZ,2.611199249728298e7
2009,EEU,1.1481436694733623e8
2009,FSU,2.9095151006285983e8
2009,MDE,2.709639274404475e8
2009,CAM,1.355478994082761e8
2009,LAM,3.895055728077184e8
2009,SAS,1.5680182613680687e9
2009,SEA,6.470366433322034e8
2009,CHI,1.391323971125223e9
2009,MAF,1.676095653174867e8
2009,SSA,8.070885540637735e8
2009,SIS,5.10191184237581e7
2010,USA,3.147561303657499e8
2010,CAN,3.598233150198774e7
2010,WEU,4.177531510056189e8
2010,JPK,1.834620944887123e8
2010,ANZ,2.6563197206121795e7
2010,EEU,1.1439147337211883e8
2010,FSU,2.9217251729943365e8
2010,MDE,2.767244740754174e8
2010,CAM,1.3741349459481606e8
2010,LAM,3.9343339833037305e8
2010,SAS,1.5902481244548175e9
2010,SEA,6.547925616245723e8
2010,CHI,1.3989948039398642e9
2010,MAF,1.7044785997365457e8
2010,SSA,8.291767401259677e8
2010,SIS,5.144391881689242e7
2011,USA,3.1770735814352214e8
2011,CAN,3.647677895729468e7
2011,WEU,4.2000605664064014e8
2011,JPK,1.8375370159474966e8
2011,ANZ,2.699575985229207e7
2011,EEU,1.1395751254919927e8
2011,FSU,2.935693245240932e8
2011,MDE,2.823741179395397e8
2011,CAM,1.3925276821624324e8
2011,LAM,3.973476471290933e8
2011,SAS,1.61204220016971e9
2011,SEA,6.626750172017615e8
2011,CHI,1.4067152360758488e9
2011,MAF,1.7347708594065797e8
2011,SSA,8.519345610825038e8
2011,SIS,5.188356099899825e7
2012,USA,3.205462186024331e8
2012,CAN,3.696290961559116e7
2012,WEU,4.221169341623716e8
2012,JPK,1.8404742314476797e8
2012,ANZ,2.741208692721437e7
2012,EEU,1.1351433168267016e8
2012,FSU,2.951271914885554e8
2012,MDE,2.8792461364893335e8
2012,CAM,1.410682541611385e8
2012,LAM,4.0124260897753525e8
2012,SAS,1.6334207122696261e9
2012,SEA,6.706586673029e8
2012,CHI,1.4144616144420078e9
2012,MAF,1.766797693374953e8
2012,SSA,8.753598629395508e8
2012,SIS,5.2335110111428626e7
2013,USA,3.2328219885703254e8
2013,CAN,3.744104533656634e7
2013,WEU,4.24124576890239e8
2013,JPK,1.8431711717938262e8
2013,ANZ,2.7813689627794866e7
2013,EEU,1.1306685262202674e8
2013,FSU,2.967897376916215e8
2013,MDE,2.933689994773098e8
2013,CAM,1.4285391876746255e8
2013,LAM,4.051067967589291e8
2013,SAS,1.6544798029266117e9
2013,SEA,6.786672583200395e8
2013,CHI,1.4221796176598804e9
2013,MAF,1.8001511865059724e8
2013,SSA,8.994323591370815e8
2013,SIS,5.279266142772761e7
2014,USA,3.2593492360046446e8
2014,CAN,3.7912928510946035e7
2014,WEU,4.2608739110446274e8
2014,JPK,1.845259303561556e8
2014,ANZ,2.8204777067924473e7
2014,EEU,1.1262247145042716e8
2014,FSU,2.984844879980778e8
2014,MDE,2.987131201951696e8
2014,CAM,1.4460448777020228e8
2014,LAM,4.089207893106913e8
2014,SAS,1.6753518700164669e9
2014,SEA,6.865948588829397e8
2014,CHI,1.429793803307977e9
2014,MAF,1.8343069660418123e8
2014,SSA,9.241250336198256e8
2014,SIS,5.3247804408940844e7
2015,USA,3.275258491165185e8
2015,CAN,3.829501110448432e7
2015,WEU,4.2679642021670485e8
2015,JPK,1.843914301304133e8
2015,ANZ,2.845452593932677e7
2015,EEU,1.1246568826975714e8
2015,FSU,2.989497589150444e8
2015,MDE,3.053174669626677e8
2015,CAM,1.4969949248708555e8
2015,LAM,4.167287218868073e8
2015,SAS,1.6909911191178598e9
2015,SEA,6.94448150090638e8
2015,CHI,1.4273439177179809e9
2015,MAF,1.8843410375046712e8
2015,SSA,9.58313616733606e8
2015,SIS,5.4129668640959e7
2016,USA,3.293898610147196e8
2016,CAN,3.8489928812457785e7
2016,WEU,4.2742373388848346e8
2016,JPK,1.8423716842443654e8
2016,ANZ,2.864141566331848e7
2016,EEU,1.1210722261537352e8
2016,FSU,2.997532628260485e8
2016,MDE,3.0998787879836005e8
2016,CAM,1.5171606474259445e8
2016,LAM,4.2061408442458034e8
2016,SAS,1.7126572425086641e9
2016,SEA,7.015939694529703e8
2016,CHI,1.4313702484229763e9
2016,MAF,1.9157753945243993e8
2016,SSA,9.845090952249954e8
2016,SIS,5.4648856506866515e7
2017,USA,3.312608611215534e8
2017,CAN,3.868369187121091e7
2017,WEU,4.2805402929696345e8
2017,JPK,1.8408501390178335e8
2017,ANZ,2.8829033391300127e7
2017,EEU,1.1174769980929843e8
2017,FSU,3.005578841661926e8
2017,MDE,3.1465597920922524e8
2017,CAM,1.5373013761342993e8
2017,LAM,4.244969772443245e8
2017,SAS,1.7343208165221047e9
2017,SEA,7.087380698684399e8
2017,CHI,1.4353951518732328e9
2017,MAF,1.947238919127011e8
2017,SSA,1.0107171215351421e9
2017,SIS,5.516775488680382e7
2018,USA,3.3313885570818686e8
2018,CAN,3.8876368441900425e7
2018,WEU,4.286871887518792e8
2018,JPK,1.8393500762511688e8
2018,ANZ,2.9017424450410414e7
2018,EEU,1.11387182956357e8
2018,FSU,3.0136307889753526e8
2018,MDE,3.193220078753619e8
2018,CAM,1.557415160458236e8
2018,LAM,4.283773563527887e8
2018,SAS,1.755978535036171e9
2018,SEA,7.158800160831417e8
2018,CHI,1.4394182672087998e9
2018,MAF,1.9786848855185723e8
2018,SSA,1.0369186438461275e9
2018,SIS,5.56860676225182e7
2019,USA,3.3502466783915794e8
2019,CAN,3.906729198630636e7
2019,WEU,4.2932304009559524e8
2019,JPK,1.8378720461035857e8
2019,ANZ,2.9206644975206174e7
2019,EEU,1.1102578490424772e8
2019,FSU,3.0216883262773734e8
2019,MDE,3.239859736258396e8
2019,CAM,1.577501601225839e8
2019,LAM,4.3225526891382873e8
2019,SAS,1.7776306747546735e9
2019,SEA,7.23019845635857e8
2019,CHI,1.443439545937611e9
2019,MAF,2.0101177846451178e8
2019,SSA,1.0631145027342352e9
2019,SIS,5.6203827656317525e7
2020,USA,3.369185073723773e8
2020,CAN,3.925651793941293e7
2020,WEU,4.299613742648001e8
2020,JPK,1.836416162951232e8
2020,ANZ,2.9396729449608143e7
2020,EEU,1.1066362569414091e8
2020,FSU,3.0297511414937866e8
2020,MDE,3.286479402871095e8
2020,CAM,1.597560020709718e8
2020,LAM,4.361307228795233e8
2020,SAS,1.799277077375005e9
2020,SEA,7.301575292087535e8
2020,CHI,1.447458972372894e9
2020,MAF,2.0415365746095857e8
2020,SSA,1.0893040872533998e9
2020,SIS,5.672103205581632e7
2021,USA,3.386750447723861e8
2021,CAN,3.941681561844371e7
2021,WEU,4.30361779201723e8
2021,JPK,1.8328398709495723e8
2021,ANZ,2.9565117452264994e7
2021,EEU,1.1023710209900367e8
2021,FSU,3.033573140957214e8
2021,MDE,3.329107730817031e8
2021,CAM,1.6165049046560553e8
2021,LAM,4.394484614582056e8
2021,SAS,1.8194242223430135e9
2021,SEA,7.364050791504991e8
2021,CHI,1.4494367815685108e9
2021,MAF,2.0691511037330395e8
2021,SSA,1.1162534667991078e9
2021,SIS,5.717406452896563e7
2022,USA,3.404413843716273e8
2022,CAN,3.957496536923508e7
2022,WEU,4.307653042010549e8
2022,JPK,1.8292908357214683e8
2022,ANZ,2.9734484648868676e7
2022,EEU,1.0980945376272854e8
2022,FSU,3.0373958716798717e8
2022,MDE,3.371719452854483e8
2022,CAM,1.6354186632267764e8
2022,LAM,4.4276344949389416e8
2022,SAS,1.8395654785536764e9
2022,SEA,7.426504488475543e8
2022,CHI,1.4514127387205188e9
2022,MAF,2.096753130202713e8
2022,SSA,1.143197406201109e9
2022,SIS,5.7626553682946086e7
2023,USA,3.422191492259875e8
2023,CAN,3.972958312708945e7
2023,WEU,4.311720345049035e8
2023,JPK,1.8257684275505885e8
2023,ANZ,2.9904915373043012e7
2023,EEU,1.0938064537749466e8
2023,FSU,3.041219037869069e8
2023,MDE,3.414315123141712e8
2023,CAM,1.6543008213475892e8
2023,LAM,4.460756836945832e8
2023,SAS,1.8597007132815392e9
2023,SEA,7.488936069290454e8
2023,CHI,1.453386881250046e9
2023,MAF,2.124342331433751e8
2023,SSA,1.170135439919623e9
2023,SIS,5.807849394784664e7
2024,USA,3.440098004457384e8
2024,CAN,3.987960460401477e7
2024,WEU,4.315820999221781e8
2024,JPK,1.82227459200717e8
2024,ANZ,3.007648490014329e7
2024,EEU,1.0895063275529818e8
2024,FSU,3.045042211347725e8
2024,MDE,3.4568950890968704e8
2024,CAM,1.6731503233845797e8
2024,LAM,4.4938511639538246e8
2024,SAS,1.8798297339364302e9
2024,SEA,7.551344482077264e8
2024,CHI,1.4553591865715601e9
2024,MAF,2.151918096243823e8
2024,SSA,1.197067128439714e9
2024,SIS,5.85298749240292e7
2025,USA,3.4581379347341746e8
2025,CAN,4.00249115120534e7
2025,WEU,4.3199591376709884e8
2025,JPK,1.8188107635770658e8
2025,ANZ,3.0249236640844338e7
2025,EEU,1.0851923049543062e8
2025,FSU,3.048864832430392e8
2025,MDE,3.499460111213892e8
2025,CAM,1.6919664623335972e8
2025,LAM,4.526916228758344e8
2025,SAS,1.8999523146434848e9
2025,SEA,7.61372946713855e8
2025,CHI,1.4573295820925398e9
2025,MAF,2.1794801191022906e8
2025,SSA,1.2239920324457636e9
2025,SIS,5.898069642872836e7
2026,USA,3.474548448873784e8
2026,CAN,4.0123216857158504e7
2026,WEU,4.3219794442790556e8
2026,JPK,1.8137112334727618e8
2026,ANZ,3.0392272869508073e7
2026,EEU,1.0801035417685662e8
2026,FSU,3.0490443651485616e8
2026,MDE,3.5382838272363776e8
2026,CAM,1.709213365274028e8
2026,LAM,4.5542385764892346e8
2026,SAS,1.9183074554551601e9
2026,SEA,7.665638009825221e8
2026,CHI,1.4560627909390242e9
2026,MAF,2.2036826886756626e8
2026,SSA,1.2516396621132557e9
2026,SIS,5.936358641390396e7
2027,USA,3.4911073567521596e8
2027,CAN,4.021551680186627e7
2027,WEU,4.3240386443993396e8
2027,JPK,1.808640847134823e8
2027,ANZ,3.053656731667329e7
2027,EEU,1.0750010459719694e8
2027,FSU,3.049220145602409e8
2027,MDE,3.5770955984363705e8
2027,CAM,1.7264263274099436e8
2027,LAM,4.5815330194585556e8
2027,SAS,1.936656202678131e9
2027,SEA,7.717525764987651e8
2027,CHI,1.4547945770012794e9
2027,MAF,2.2278723242002323e8
2027,SSA,1.2792810566143332e9
2027,SIS,5.974596176057154e7
2028,USA,3.507832896251059e8
2028,CAN,4.029977134813461e7
2028,WEU,4.326130719744756e8
2028,JPK,1.803597550690573e8
2028,ANZ,3.0682186773556788e7
2028,EEU,1.0698876983674935e8
2028,FSU,3.049391065860682e8
2028,MDE,3.615897891490513e8
2028,CAM,1.743607480293638e8
2028,LAM,4.608797650399348e8
2028,SAS,1.954998899826001e9
2028,SEA,7.769392616375135e8
2028,CHI,1.4535249706693044e9
2028,MAF,2.2520494844757405e8
2028,SSA,1.3069159344005945e9
2028,SIS,6.0127879602302395e7
2029,USA,3.524727752306861e8
2029,CAN,4.037589749054316e7
2029,WEU,4.3282581419613636e8
2029,JPK,1.798582269880661e8
2029,ANZ,3.0829158036253586e7
2029,EEU,1.064762816057438e8
2029,FSU,3.04955709090727e8
2029,MDE,3.6546908885809743e8
2029,CAM,1.7607559097220838e8
2029,LAM,4.636032838095494e8
2029,SAS,1.9733353470095255e9
2029,SEA,7.821238417158138e8
2029,CHI,1.4522539568310683e9
2029,MAF,2.276213778188773e8
2029,SSA,1.3345438864257283e9
2029,SIS,6.0509328931086905e7
2030,USA,3.541777212938131e8
2030,CAN,4.044547520253871e7
2030,WEU,4.330421944142706e8
2030,JPK,1.7935956943247893e8
2030,ANZ,3.097751665716518e7
2030,EEU,1.0596263534598847e8
2030,FSU,3.049717898614949e8
2030,MDE,3.6934753142014664e8
2030,CAM,1.7778710568943626e8
2030,LAM,4.663238734677612e8
2030,SAS,1.9916654361794198e9
2030,SEA,7.873062880830345e8
2030,CHI,1.4509815503534276e9
2030,MAF,2.3003650836567628e8
2030,SSA,1.3621645409681184e9
2030,SIS,6.0890310821436405e7
2031,USA,3.556266012997396e8
2031,CAN,4.046085832490934e7
2031,WEU,4.330922691556163e8
2031,JPK,1.7871021584238747e8
2031,ANZ,3.1095014800812073e7
2031,EEU,1.0537436450386539e8
2031,FSU,3.048133244405888e8
2031,MDE,3.7292775182186335e8
2031,CAM,1.7932201732678583e8
2031,LAM,4.684958558459993e8
2031,SAS,2.007820778992292e9
2031,SEA,7.914366267754427e8
2031,CHI,1.447216751429114e9
2031,MAF,2.322719426948676e8
2031,SSA,1.3902918486868875e9
2031,SIS,6.120285446726327e7
2032,USA,3.5708884338841236e8
2032,CAN,4.047136281601271e7
2032,WEU,4.331459932065679e8
2032,JPK,1.780635903415248e8
2032,ANZ,3.1213915592809755e7
2032,EEU,1.0478507781628135e8
2032,FSU,3.0465417037463206e8
2032,MDE,3.765073628490182e8
2032,CAM,1.808537558969473e8
2032,LAM,4.706651907463106e8
2032,SAS,2.0239699687054024e9
2032,SEA,7.95565018997223e8
2032,CHI,1.4434510497546287e9
2032,MAF,2.3450614250363147e8
2032,SSA,1.4184122956575215e9
2032,SIS,6.1514979289288744e7
2033,USA,3.585633826193517e8
2033,CAN,4.0478193247104995e7
2033,WEU,4.3320350904725313e8
2033,JPK,1.7741970934629458e8
2033,ANZ,3.1334262051831573e7
2033,EEU,1.041947685374821e8
2033,FSU,3.044943157230403e8
2033,MDE,3.800864226442655e8
2033,CAM,1.8238226801428e8
2033,LAM,4.7283187607158524e8
2033,SAS,2.0401128715579894e9
2033,SEA,7.996914189551895e8
2033,CHI,1.4396844976780264e9
2033,MAF,2.367390853021837e8
2033,SSA,1.4465253810010076e9
2033,SIS,6.182668135137761e7
2034,USA,3.600500368578464e8
2034,CAN,4.048166808418112e7
2034,WEU,4.3326496888997716e8
2034,JPK,1.76778591382535e8
2034,ANZ,3.145610012174227e7
2034,EEU,1.0360341512011036e8
2034,FSU,3.0433375305385846e8
2034,MDE,3.8366500403043216e8
2034,CAM,1.8390748923091158e8
2034,LAM,4.7499591795505196e8
2034,SAS,2.0562493554603524e9
2034,SEA,8.038157802475965e8
2034,CHI,1.4359171451498978e9
2034,MAF,2.3897075252368274e8
2034,SSA,1.474630693579023e9
2034,SIS,6.213795964956504e7
2035,USA,3.6154774514212066e8
2035,CAN,4.0482982949401505e7
2035,WEU,4.33330527883192e8
2035,JPK,1.761402630303174e8
2035,ANZ,3.1579473664349504e7
2035,EEU,1.0301099569885744e8
2035,FSU,3.041724555310481e8
2035,MDE,3.8724318982304597e8
2035,CAM,1.8542937631660575e8
2035,LAM,4.771573045738749e8
2035,SAS,2.072379286946489e9
2035,SEA,8.079380439066106e8
2035,CHI,1.432149057891022e9
2035,MAF,2.412011202794413e8
2035,SSA,1.5027278018848894e9
2035,SIS,6.244881133930879e7
2036,USA,3.627607611309365e8
2036,CAN,4.044188119607051e7
2036,WEU,4.33249118570373e8
2036,JPK,1.7535867327003184e8
2036,ANZ,3.1678700785250787e7
2036,EEU,1.0237379941088471e8
2036,FSU,3.040228576052175e8
2036,MDE,3.9053045259309053e8
2036,CAM,1.867646599103501e8
2036,LAM,4.787801133633674e8
2036,SAS,2.0859618126749878e9
2036,SEA,8.110152137869989e8
2036,CHI,1.4267657444800022e9
2036,MAF,2.4330133428035477e8
2036,SSA,1.5307711561076782e9
2036,SIS,6.269105291140703e7
2037,USA,3.6398261029314e8
2037,CAN,4.0400371622871384e7
2037,WEU,4.3317191047674626e8
2037,JPK,1.745796278970997e8
2037,ANZ,3.1779512259805903e7
2037,EEU,1.0173562375894864e8
2037,FSU,3.038724775342693e8
2037,MDE,3.938175982033387e8
2037,CAM,1.8809673349308285e8
2037,LAM,4.804005729174063e8
2037,SAS,2.0995380750070713e9
2037,SEA,8.140905118511714e8
2037,CHI,1.4213820647319252e9
2037,MAF,2.4540028074852616e8
2037,SSA,1.558806931381712e9
2037,SIS,6.293291258450134e7
2038,USA,3.652132562712432e8
2038,CAN,4.035864840359689e7
2038,WEU,4.330990997171749e8
2038,JPK,1.7380312585658452e8
2038,ANZ,3.1881968117685314e7
2038,EEU,1.0109645442503144e8
2038,FSU,3.037213062212369e8
2038,MDE,3.971047076269575e8
2038,CAM,1.8942553911383873e8
2038,LAM,4.820186823130172e8
2038,SAS,2.1131079268239205e9
2038,SEA,8.17163915479225e8
2038,CHI,1.4159980375500412e9
2038,MAF,2.4749792474397478e8
2038,SSA,1.5868345367162423e9
2038,SIS,6.317437731895572e7
2039,USA,3.664525285634967e8
2039,CAN,4.031704065441573e7
2039,WEU,4.330308890682498e8
2039,JPK,1.7302916860783112e8
2039,ANZ,3.1986130365558274e7
2039,EEU,1.0045627250816548e8
2039,FSU,3.035693313600254e8
2039,MDE,4.0039186200175697e8
2039,CAM,1.9075101960603335e8
2039,LAM,4.836344320007681e8
2039,SAS,2.1266712193395865e9
2039,SEA,8.202353656953397e8
2039,CHI,1.4106136854713254e9
2039,MAF,2.495942362943102e8
2039,SSA,1.6148534340330255e9
2039,SIS,6.3415441270441815e7
2040,USA,3.677003339381503e8
2040,CAN,4.0275801489471965e7
2040,WEU,4.3296748207915515e8
2040,JPK,1.7225776416186106e8
2040,ANZ,3.2092064320123628e7
2040,EEU,9.981505580258141e7
2040,FSU,3.034165399653523e8
2040,MDE,4.0367914518238324e8
2040,CAM,1.9207310312519187e8
2040,LAM,4.8524782345188636e8
2040,SAS,2.1402278026958306e9
2040,SEA,8.233048440548155e8
2040,CHI,1.4052290398162334e9
2040,MAF,2.5168918682087687e8
2040,SSA,1.642863132296653e9
2040,SIS,6.365609991071824e7
2041,USA,3.687071371478603e8
2041,CAN,4.020768867002057e7
2041,WEU,4.327420733362635e8
2041,JPK,1.7139458942633656e8
2041,ANZ,3.218256168504896e7
2041,EEU,9.915739359669249e7
2041,FSU,3.032916540415593e8
2041,MDE,4.0660022781815207e8
2041,CAM,1.9320315748960274e8
2041,LAM,4.863284755050889e8
2041,SAS,2.1513771701205335e9
2041,SEA,8.253791452000186e8
2041,CHI,1.3985687107448428e9
2041,MAF,2.535926066493487e8
2041,SSA,1.6702029175653439e9
2041,SIS,6.382772794430859e7
2042,USA,3.697218567417544e8
2042,CAN,4.014018669792055e7
2042,WEU,4.325215948565852e8
2042,JPK,1.7053373912272093e8
2042,ANZ,3.227492214791117e7
2042,EEU,9.849872426606734e7
2042,FSU,3.031659244208029e8
2042,MDE,4.095217414834123e8
2042,CAM,1.9432992589611936e8
2042,LAM,4.8740707647254604e8
2042,SAS,2.1625200830648875e9
2042,SEA,8.274517430464773e8
2042,CHI,1.3919084082981553e9
2042,MAF,2.554946983233065e8
2042,SSA,1.6975339352925723e9
2042,SIS,6.399899827541284e7
2043,USA,3.7074445413487846e8
2043,CAN,4.007351022564813e7
2043,WEU,4.3230624821543944e8
2043,JPK,1.6967522813146445e8
2043,ANZ,3.2369223911701858e7
2043,EEU,9.783903579687227e7
2043,FSU,3.03039343418563e8
2043,MDE,4.124437739015165e8
2043,CAM,1.9545334778356236e8
2043,LAM,4.8848361671343005e8
2043,SAS,2.173656390655994e9
2043,SEA,8.295226169888067e8
2043,CHI,1.3852481542202954e9
2043,MAF,2.5739543384071386e8
2043,SSA,1.7248555158200784e9
2043,SIS,6.416990346841019e7
2044,USA,3.717749079234252e8
2044,CAN,4.000785865607886e7
2044,WEU,4.320962560254626e8
2044,JPK,1.6881908084291312e8
2044,ANZ,3.246554691060893e7
2044,EEU,9.717831802492191e7
2044,FSU,3.0291190219992894e8
2044,MDE,4.1536641277332824e8
2044,CAM,1.9657335963668093e8
2044,LAM,4.8955808194398594e8
2044,SAS,2.1847859378572755e9
2044,SEA,8.315917476584338e8
2044,CHI,1.378587968000311e9
2044,MAF,2.5929478210433105e8
2044,SSA,1.7521670199393578e9
2044,SIS,6.434044005849e7
2045,USA,3.728136282501122e8
2045,CAN,3.994300020082545e7
2045,WEU,4.3189183754592323e8
2045,JPK,1.6796532437716883e8
2045,ANZ,3.2563973756695233e7
2045,EEU,9.651656487236361e7
2045,FSU,3.027835845574235e8
2045,MDE,4.18289750880757e8
2045,CAM,1.9768986867036563e8
2045,LAM,4.906304891690342e8
2045,SAS,2.1959085683499627e9
2045,SEA,8.336591173503846e8
2045,CHI,1.3719278650993423e9
2045,MAF,2.6119271280280158e8
2045,SSA,1.779467836169484e9
2045,SIS,6.451060075399741e7
2046,USA,3.737025659203723e8
2046,CAN,3.985898199728476e7
2046,WEU,4.31481140880175e8
2046,JPK,1.6706888882544348e8
2046,ANZ,3.265032717677709e7
2046,EEU,9.58505272215638e7
2046,FSU,3.026000337608791e8
2046,MDE,4.2074069879842365e8
2046,CAM,1.9860838022944435e8
2046,LAM,4.911650011656942e8
2046,SAS,2.2047341736940613e9
2046,SEA,8.348030767952343e8
2046,CHI,1.3638653879985323e9
2046,MAF,2.6283856783522895e8
2046,SSA,1.8055633570756035e9
2046,SIS,6.461118482559775e7
2047,USA,3.7459906618768543e8
2047,CAN,3.977625199735707e7
2047,WEU,4.310760538795343e8
2047,JPK,1.661747073139803e8
2047,ANZ,3.2738911593720943e7
2047,EEU,9.518346717019044e7
2047,FSU,3.0241552404374623e8
2047,MDE,4.231926683919585e8
2047,CAM,1.9952351541566232e8
2047,LAM,4.916977551155524e8
2047,SAS,2.213553118377515e9
2047,SEA,8.35945492585143e8
2047,CHI,1.3558033258669877e9
2047,MAF,2.6448307873821163e8
2047,SSA,1.8316483717369473e9
2047,SIS,6.471144571073043e7
2048,USA,3.7550311134026444e8
2048,CAN,3.969498253257513e7
2048,WEU,4.3067677034696084e8
2048,JPK,1.6528280109842953e8
2048,ANZ,3.282980887548648e7
2048,EEU,9.451538558084208e7
2048,FSU,3.02230042246161e8
2048,MDE,4.256457622389287e8
2048,CAM,2.0043522183491206e8
2048,LAM,4.9222873336586714e8
2048,SAS,2.222365274867586e9
2048,SEA,8.370863498593285e8
2048,CHI,1.3477417013961754e9
2048,MAF,2.6612622382571e8
2048,SSA,1.8577221404218442e9
2048,SIS,6.4811390518488966e7
2049,USA,3.7641414232220393e8
2049,CAN,3.961588238854768e7
2049,WEU,4.302834946433003e8
2049,JPK,1.6439319462042597e8
2049,ANZ,3.292310346312341e7
2049,EEU,9.3846284961785e7
2049,FSU,3.020435750151363e8
2049,MDE,4.2810007909674686e8
2049,CAM,2.013434299323731e8
2049,LAM,4.9275794573761004e8
2049,SAS,2.2311705141230116e9
2049,SEA,8.382256350300143e8
2049,CHI,1.339680535974847e9
2049,MAF,2.6776798403977385e8
2049,SSA,1.8837839718641145e9
2049,SIS,6.4911015970611945e7
2050,USA,3.773321418460569e8
2050,CAN,3.953911858445879e7
2050,WEU,4.2989643683671767e8
2050,JPK,1.6350591407139587e8
2050,ANZ,3.301888308614223e7
2050,EEU,9.317616152673441e7
2050,FSU,3.018561171832364e8
2050,MDE,4.3055572003828806e8
2050,CAM,2.0224806636310536e8
2050,LAM,4.9328539746065456e8
2050,SAS,2.2399687045616384e9
2050,SEA,8.393633333206352e8
2050,CHI,1.331619850724981e9
2050,MAF,2.694083362579525e8
2050,SSA,1.909833187266671e9
2050,SIS,6.501032488811704e7
2051,USA,3.781925308105716e8
2051,CAN,3.945056272323269e7
2051,WEU,4.2928590491056305e8
2051,JPK,1.625870185218726e8
2051,ANZ,3.3100857175222885e7
2051,EEU,9.249953271400683e7
2051,FSU,3.0151572874125415e8
2051,MDE,4.324791175432338e8
2051,CAM,2.029403143102135e8
2051,LAM,4.933058703666466e8
2051,SAS,2.246436865598133e9
2051,SEA,8.396728076085441e8
2051,CHI,1.322116067917129e9
2051,MAF,2.7073874313759583e8
2051,SSA,1.9342650339759004e9
2051,SIS,6.5038812112119205e7
2052,USA,3.7905933601484245e8
2052,CAN,3.936482012235323e7
2052,WEU,4.2868152317640126e8
2052,JPK,1.6167032069387558e8
2052,ANZ,3.3185430362011686e7
2052,EEU,9.182193451937261e7
2052,FSU,3.011742207288894e8
2052,MDE,4.344041649321111e8
2052,CAM,2.0362913059258172e8
2052,LAM,4.9332489995403636e8
2052,SAS,2.2528983229207706e9
2052,SEA,8.399808973272077e8
2052,CHI,1.3126131318120744e9
2052,MAF,2.7206784501044005e8
2052,SSA,1.9586842133690565e9
2052,SIS,6.506704481343401e7
2053,USA,3.7993221568612033e8
2053,CAN,3.928239242738672e7
2053,WEU,4.2808351394578755e8
2053,JPK,1.6075584487463272e8
2053,ANZ,3.327269545972955e7
2053,EEU,9.114336729575266e7
2053,FSU,3.0083158223302686e8
2053,MDE,4.3633097641158164e8
2053,CAM,2.0431443985411626e8
2053,LAM,4.933425026839804e8
2053,SAS,2.259352956995879e9
2053,SEA,8.402875922639637e8
2053,CHI,1.3031110671895397e9
2053,MAF,2.733956174238018e8
2053,SSA,1.9830899243983395e9
2053,SIS,6.509502019498034e7
2054,USA,3.8081096165269274e8
2054,CAN,3.920365004488645e7
2054,WEU,4.2749210115885204e8
2054,JPK,1.5984361241222557e8
2054,ANZ,3.336274249681192e7
2054,EEU,9.046383523422645e7
2054,FSU,3.004878065235064e8
2054,MDE,4.3825967739984006e8
2054,CAM,2.0499616563818476e8
2054,LAM,4.933586931745369e8
2054,SAS,2.265800650057123e9
2054,SEA,8.405928800948389e8
2054,CHI,1.2936098990341349e9
2054,MAF,2.7472202902641445e8
2054,SSA,2.007481384099076e9
2054,SIS,6.512273635010013e7
2055,USA,3.816955697656025e8
2055,CAN,3.912875225017372e7
2055,WEU,4.269075189441294e8
2055,JPK,1.589336453295309e8
2055,ANZ,3.345566496985935e7
2055,EEU,8.97833408827008e7
2055,FSU,3.0014288394472945e8
2055,MDE,4.401903962001107e8
2055,CAM,2.0567422811274996e8
2055,LAM,4.933734906748012e8
2055,SAS,2.272241283901045e9
2055,SEA,8.408967496462154e8
2055,CHI,1.284109652457288e9
2055,MAF,2.7604705071524465e8
2055,SSA,2.031857830684214e9
2055,SIS,6.515019147572382e7
2056,USA,3.8258722310036415e8
2056,CAN,3.905220825948143e7
2056,WEU,4.2615647801959866e8
2056,JPK,1.5797794866419193e8
2056,ANZ,3.3534465265485793e7
2056,EEU,8.908323538391308e7
2056,FSU,2.996090005771106e8
2056,MDE,4.4159856338084304e8
2056,CAM,2.0613127306653953e8
2056,LAM,4.92922398870684e8
2056,SAS,2.276334812797982e9
2056,SEA,8.404714749733363e8
2056,CHI,1.2735129506458054e9
2056,MAF,2.770583755313007e8
2056,SSA,2.0543327317210584e9
2056,SIS,6.5111203295640476e7
2057,USA,3.83484129583446e8
2057,CAN,3.898021954506628e7
2057,WEU,4.2541231360893816e8
2057,JPK,1.5702433334735733e8
2057,ANZ,3.361625802085178e7
2057,EEU,8.838225452115937e7
2057,FSU,2.990738419113798e8
2057,MDE,4.430090875572657e8
2057,CAM,2.0658479851437023e8
2057,LAM,4.9247023216056365e8
2057,SAS,2.280421676442695e9
2057,SEA,8.400449764758747e8
2057,CHI,1.2629174847222097e9
2057,MAF,2.780684109303887e8
2057,SSA,2.0767922692635648e9
2057,SIS,6.507200322324932e7
2058,USA,3.843861201601858e8
2058,CAN,3.8913164008197576e7
2058,WEU,4.246753064783782e8
2058,JPK,1.5607282716763613e8
2058,ANZ,3.3701162128954925e7
2058,EEU,8.768038741073176e7
2058,FSU,2.985373919544188e8
2058,MDE,4.4442210957535976e8
2058,CAM,2.0703471297776902e8
2058,LAM,4.920170030911827e8
2058,SAS,2.2845017398595743e9
2058,SEA,8.396172399444877e8
2058,CHI,1.2523232816107004e9
2058,MAF,2.7907712363693976e8
2058,SSA,2.0992355328176186e9
2058,SIS,6.503258827806677e7
2059,USA,3.852932067874828e8
2059,CAN,3.8851239988955736e7
2059,WEU,4.239457430231169e8
2059,JPK,1.5512346173196796e8
2059,ANZ,3.3789305058327116e7
2059,EEU,8.697762117468706e7
2059,FSU,2.979996335399011e8
2059,MDE,4.4583777417556536e8
2059,CAM,2.0748092163286558e8
2059,LAM,4.915627304970103e8
2059,SAS,2.288574867076712e9
2059,SEA,8.39188250959611e8
2059,CHI,1.2417303681541414e9
2059,MAF,2.800844835706961e8
2059,SSA,2.1216616305906322e9
2059,SIS,6.4992951711856574e7
2060,USA,3.862054181351911e8
2060,CAN,3.879463520701536e7
2060,WEU,4.23223911645837e8
2060,JPK,1.5417626679453135e8
2060,ANZ,3.3880812959174596e7
2060,EEU,8.627394223940921e7
2060,FSU,2.974605474916423e8
2060,MDE,4.4725624027977455e8
2060,CAM,2.0792333089368263e8
2060,LAM,4.911074271604727e8
2060,SAS,2.2926409216028633e9
2060,SEA,8.38757994216677e8
2060,CHI,1.231138769876208e9
2060,MAF,2.810904610694886e8
2060,SSA,2.144069668512519e9
2060,SIS,6.495309058802356e7
2061,USA,3.8715683019348365e8
2061,CAN,3.874580590147763e7
2061,WEU,4.2247720383328915e8
2061,JPK,1.53179938971094e8
2061,ANZ,3.396174898728669e7
2061,EEU,8.554079120388842e7
2061,FSU,2.96771740665146e8
2061,MDE,4.482148094595691e8
2061,CAM,2.0814348351527017e8
2061,LAM,4.902451968459961e8
2061,SAS,2.294440052138416e9
2061,SEA,8.376843798857836e8
2061,CHI,1.2200098551090112e9
2061,MAF,2.8180710705532e8
2061,SSA,2.1643235757377543e9
2061,SIS,6.485502247719459e7
2062,USA,3.8811322873449886e8
2062,CAN,3.870273924643984e7
2062,WEU,4.2173860982785815e8
2062,JPK,1.521856054718267e8
2062,ANZ,3.404622944617227e7
2062,EEU,8.480682459312828e7
2062,FSU,2.960814765886815e8
2062,MDE,4.49176562952954e8
2062,CAM,2.0835996942635083e8
2062,LAM,4.8938219020953214e8
2062,SAS,2.2962324794771876e9
2062,SEA,8.366096642651982e8
2062,CHI,1.2088824455037858e9
2062,MAF,2.8252243764020526e8
2062,SSA,2.1845587483058953e9
2062,SIS,6.4756786304255e7
2063,USA,3.890745723755727e8
2063,CAN,3.866571143429571e7
2063,WEU,4.210084270035736e8
2063,JPK,1.5119328151455772e8
2063,ANZ,3.413439975969801e7
2063,EEU,8.407203429666294e7
2063,FSU,2.953897387241079e8
2063,MDE,4.501416721257945e8
2063,CAM,2.0857268644658396e8
2063,LAM,4.885184267637671e8
2063,SAS,2.298018070962328e9
2063,SEA,8.355338318798244e8
2063,CHI,1.1977565752371604e9
2063,MAF,2.8323641794577557e8
2063,SSA,2.2047741995487766e9
2063,SIS,6.4658379815459184e7
2064,USA,3.9004079917760533e8
2064,CAN,3.863501939423182e7
2064,WEU,4.202869625292891e8
2064,JPK,1.502029830106066e8
2064,ANZ,3.422640944152808e7
2064,EEU,8.33364142365184e7
2064,FSU,2.946965101624778e8
2064,MDE,4.511103100541877e8
2064,CAM,2.0878153005238578e8
2064,LAM,4.876539263290886e8
2064,SAS,2.2997966908543596e9
2064,SEA,8.344568666781987e8
2064,CHI,1.1866322791673732e9
2064,MAF,2.839490112702548e8
2064,SSA,2.224968952485225e9
2064,SIS,6.4559800674498856e7
2065,USA,3.910118343971645e8
2065,CAN,3.861097294660566e7
2065,WEU,4.195745278037295e8
2065,JPK,1.4921472748160654e8
2065,ANZ,3.4322418444722384e7
2065,EEU,8.259995495639554e7
2065,FSU,2.940017754905067e8
2065,MDE,4.5208265680295455e8
2065,CAM,2.0898639272007903e8
2065,LAM,4.867887117654902e8
2065,SAS,2.301568202572061e9
2065,SEA,8.33378751839998e8
2065,CHI,1.1755095921513236e9
2065,MAF,2.8466018204728633e8
2065,SSA,2.2451420290400543e9
2065,SIS,6.446104597150013e7
2066,USA,3.9198116219510585e8
2066,CAN,3.859785231551546e7
2066,WEU,4.1898451845807934e8
2066,JPK,1.4819952986458275e8
2066,ANZ,3.441307357513421e7
2066,EEU,8.184391279659732e7
2066,FSU,2.9320918542855656e8
2066,MDE,4.5265754325913084e8
2066,CAM,2.08981884836878e8
2066,LAM,4.855796324839165e8
2066,SAS,2.3011785756881723e9
2066,SEA,8.31726919106639e8
2066,CHI,1.1644327930074267e9
2066,MAF,2.851014764572172e8
2066,SSA,2.2629345457212152e9
2066,SIS,6.431244165871638e7
2067,USA,3.9295463273703617e8
2067,CAN,3.859224887377923e7
2067,WEU,4.184042608379488e8
2067,JPK,1.4718625683988598e8
2067,ANZ,3.450796938619127e7
2067,EEU,8.108707485657874e7
2067,FSU,2.924149842307885e8
2067,MDE,4.532365276482215e8
2067,CAM,2.0897353395991507e8
2067,LAM,4.843700888006452e8
2067,SAS,2.3007822398835626e9
2067,SEA,8.300740886383651e8
2067,CHI,1.153357647685599e9
2067,MAF,2.855414081559903e8
2067,SSA,2.280704531931589e9
2067,SIS,6.41637051915751e7
2068,USA,3.939320664723901e8
2068,CAN,3.859452878872552e7
2068,WEU,4.1783400135976714e8
2068,JPK,1.4617492860460338e8
2068,ANZ,3.460726187576535e7
2068,EEU,8.032946280752501e7
2068,FSU,2.916191576619527e8
2068,MDE,4.538198052243485e8
2068,CAM,2.0896125152727836e8
2068,LAM,4.8316012368130076e8
2068,SAS,2.3003791085997906e9
2068,SEA,8.284202487325397e8
2068,CHI,1.1422841906995025e9
2068,MAF,2.859799455365026e8
2068,SSA,2.298450957324012e9
2068,SIS,6.4014837391761705e7
2069,USA,3.949132722350345e8
2069,CAN,3.860506965279907e7
2069,WEU,4.1727398974283564e8
2069,JPK,1.4516556562535983e8
2069,ANZ,3.471111218346561e7
2069,EEU,7.957109989905415e7
2069,FSU,2.908216923397476e8
2069,MDE,4.5440757434462893e8
2069,CAM,2.0894494810691184e8
2069,LAM,4.8194978224976957e8
2069,SAS,2.299969094832203e9
2069,SEA,8.267653876539538e8
2069,CHI,1.131212456389104e9
2069,MAF,2.8641705487087935e8
2069,SSA,2.316172789837188e9
2069,SIS,6.38658392168549e7
2070,USA,3.9589802469440234e8
2070,CAN,3.8624277345154464e7
2070,WEU,4.167244812428014e8
2070,JPK,1.4415818753538337e8
2070,ANZ,3.481968555047195e7
2070,EEU,7.881201407089613e7
2070,FSU,2.900225740158547e8
2070,MDE,4.5500004162270004e8
2070,CAM,2.0892453074861658e8
2070,LAM,4.80739110709873e8
2070,SAS,2.2995521122002726e9
2070,SEA,8.251094925866847e8
2070,CHI,1.1201424796772685e9
2070,MAF,2.868527024152811e8
2070,SSA,2.3338689934274106e9
2070,SIS,6.371671201633184e7
2071,USA,3.968288264585761e8
2071,CAN,3.865247108475293e7
2071,WEU,4.163641786973948e8
2071,JPK,1.4318059743560645e8
2071,ANZ,3.492689775085683e7
2071,EEU,7.806447078986964e7
2071,FSU,2.892155741474489e8
2071,MDE,4.552643211895547e8
2071,CAM,2.0871930952735555e8
2071,LAM,4.792203968259709e8
2071,SAS,2.2971953253975563e9
2071,SEA,8.22922609183403e8
2071,CHI,1.1093607194886105e9
2071,MAF,2.870523307724062e8
2071,SSA,2.3489909584130263e9
2071,SIS,6.35268773695386e7
2072,USA,3.9776225755554974e8
2072,CAN,3.869014787729179e7
2072,WEU,4.160151743754914e8
2072,JPK,1.422050522818529e8
2072,ANZ,3.503909292174784e7
2072,EEU,7.731616360216789e7
2072,FSU,2.8840686563087004e8
2072,MDE,4.555336804704736e8
2072,CAM,2.0851013582913437e8
2072,LAM,4.777016456147501e8
2072,SAS,2.294832060822625e9
2072,SEA,8.207348447445258e8
2072,CHI,1.0985806734952254e9
2072,MAF,2.872505531256941e8
2072,SSA,2.364086468026743e9
2072,SIS,6.3336957001761414e7
2073,USA,3.986980660412822e8
2073,CAN,3.87376937211058e7
2073,WEU,4.156776352900432e8
2073,JPK,1.41231547143e8
2073,ANZ,3.515642606351966e7
2073,EEU,7.656715038107283e7
2073,FSU,2.8759643446519536e8
2073,MDE,4.558083295765545e8
2073,CAM,2.0829694759847707e8
2073,LAM,4.7618291945406276e8
2073,SAS,2.2924622922693057e9
2073,SEA,8.185461971077706e8
2073,CHI,1.087802382285521e9
2073,MAF,2.874473468361923e8
2073,SSA,2.3791544884125476e9
2073,SIS,6.314695489798068e7
2074,USA,3.996359628535324e8
2074,CAN,3.879551417276399e7
2074,WEU,4.153517263622562e8
2074,JPK,1.4026007733204922e8
2074,ANZ,3.5279056022052236e7
2074,EEU,7.58174909909495e7
2074,FSU,2.8678426547321385e8
2074,MDE,4.5608849665246063e8
2074,CAM,2.0807967996507144e8
2074,LAM,4.746642868629887e8
2074,SAS,2.290085998855476e9
2074,SEA,8.163566635987072e8
2074,CHI,1.0770258866653302e9
2074,MAF,2.876426884600592e8
2074,SSA,2.3941939841115713e9
2074,SIS,6.295687543969675e7
2075,USA,4.0057563693730485e8
2075,CAN,3.8864033128311515e7
2075,WEU,4.150376133575674e8
2075,JPK,1.3929063818893382e8
2075,ANZ,3.540714629568344e7
2075,EEU,7.50672462933202e7
2075,FSU,2.8597034376235795e8
2075,MDE,4.563744068493017e8
2075,CAM,2.0785826723236188e8
2075,LAM,4.7314581983783185e8
2075,SAS,2.2877031616219573e9
2075,SEA,8.141662428589289e8
2075,CHI,1.0662512270862037e9
2075,MAF,2.8783655645595783e8
2075,SSA,2.409203916584227e9
2075,SIS,6.2766723325602576e7
2076,USA,4.014037894187504e8
2076,CAN,3.894017275686387e7
2076,WEU,4.1489582831187433e8
2076,JPK,1.3841396991591868e8
2076,ANZ,3.55351635492044e7
2076,EEU,7.435294643810569e7
2076,FSU,2.852261335479716e8
2076,MDE,4.5639306690282285e8
2076,CAM,2.074766998139032e8
2076,LAM,4.7136374889189845e8
2076,SAS,2.283587813971576e9
2076,SEA,8.114986584839294e8
2076,CHI,1.0558065836672053e9
2076,MAF,2.8782249743494505e8
2076,SSA,2.4214970279155273e9
2076,SIS,6.253983414950834e7
2077,USA,4.022325045117036e8
2077,CAN,3.9027801996222466e7
2077,WEU,4.1476647852218324e8
2077,JPK,1.375395941670435e8
2077,ANZ,3.56688712046883e7
2077,EEU,7.36379479526378e7
2077,FSU,2.844801574088783e8
2077,MDE,4.564178493304003e8
2077,CAM,2.0709118758121657e8
2077,LAM,4.6958216129364234e8
2077,SAS,2.27946652591603e9
2077,SEA,8.088303400267776e8
2077,CHI,1.0453636993194518e9
2077,MAF,2.8780702641605234e8
2077,SSA,2.4337599145017114e9
2077,SIS,6.2312920708747454e7
2078,USA,4.030615376485801e8
2078,CAN,3.912730264117628e7
2078,WEU,4.1464969201665103e8
2078,JPK,1.366674778101741e8
2078,ANZ,3.580843309349064e7
2078,EEU,7.292231992497197e7
2078,FSU,2.837323987490597e8
2078,MDE,4.564489894268491e8
2078,CAM,2.0670167223923817e8
2078,LAM,4.6780112511418766e8
2078,SAS,2.27533930562832e9
2078,SEA,8.061612928057705e8
2078,CHI,1.0349226193919644e9
2078,MAF,2.8779012329994893e8
2078,SSA,2.44599153610857e9
2078,SIS,6.208598833318447e7
2079,USA,4.038906488388409e8
2079,CAN,3.923905960771946e7
2079,WEU,4.145455861351677e8
2079,JPK,1.357975826099002e8
2079,ANZ,3.595400935620219e7
2079,EEU,7.220613580715252e7
2079,FSU,2.8298283923465616e8
2079,MDE,4.564867417659795e8
2079,CAM,2.0630809627166244e8
2079,LAM,4.6602070738821584e8
2079,SAS,2.271206163877662e9
2079,SEA,8.034915216225231e8
2079,CHI,1.0244833906154834e9
2079,MAF,2.877717661302358e8
2079,SSA,2.458190843499446e9
2079,SIS,6.185904271577003e7
2080,USA,4.0471956854285216e8
2080,CAN,3.9363482745540574e7
2080,WEU,4.14454272753137e8
2080,JPK,1.3492986830150205e8
2080,ANZ,3.6105763503956825e7
2080,EEU,7.148947031674732e7
2080,FSU,2.8223145981919634e8
2080,MDE,4.5653137221826166e8
2080,CAM,2.059104017734704e8
2080,LAM,4.6424097823658395e8
2080,SAS,2.2670671142958045e9
2080,SEA,8.008210309641572e8
2080,CHI,1.0140460602067939e9
2080,MAF,2.877519322140863e8
2080,SSA,2.4703567810965266e9
2080,SIS,6.163208986740452e7
2081,USA,4.0544376646468186e8
2081,CAN,3.949790943256078e7
2081,WEU,4.1449736342509025e8
2081,JPK,1.3418669755793567e8
2081,ANZ,3.6256137382313184e7
2081,EEU,7.081121622159697e7
2081,FSU,2.8154855617274845e8
2081,MDE,4.5636489925873744e8
2081,CAM,2.0536288733026218e8
2081,LAM,4.6229263161097103e8
2081,SAS,2.26140431353484e9
2081,SEA,7.977631840028806e8
2081,CHI,1.0040018585958903e9
2081,MAF,2.8755438711528367e8
2081,SSA,2.4797444202299647e9
2081,SIS,6.137074934561358e7
2082,USA,4.0616663587993115e8
2082,CAN,3.964573159675466e7
2082,WEU,4.145536953874891e8
2082,JPK,1.3344607263634515e8
2082,ANZ,3.64128616732138e7
2082,EEU,7.013235332614306e7
2082,FSU,2.8086381364589584e8
2082,MDE,4.5620570397552866e8
2082,CAM,2.0481147662513727e8
2082,LAM,4.603452344688523e8
2082,SAS,2.255736246766715e9
2082,SEA,7.947047555048159e8
2082,CHI,9.939594441808143e8
2082,MAF,2.873554178079405e8
2082,SSA,2.489098244011402e9
2082,SIS,6.110945256287047e7
2083,USA,4.0688787905179596e8
2083,CAN,3.9807368783689775e7
2083,WEU,4.1462341101241606e8
2083,JPK,1.327079487353611e8
2083,ANZ,3.657610105216434e7
2083,EEU,6.945295100944147e7
2083,FSU,2.801772114287305e8
2083,MDE,4.560540539380144e8
2083,CAM,2.0425611689419085e8
2083,LAM,4.583988570976944e8
2083,SAS,2.2500629479464226e9
2083,SEA,7.916457544577519e8
2083,CHI,9.839188638891622e8
2083,MAF,2.8715500045526457e8
2083,SSA,2.498417189464184e9
2083,SIS,6.084820688855652e7
2084,USA,4.0760717957992595e8
2084,CAN,3.998326258068453e7
2084,WEU,4.147066413959691e8
2084,JPK,1.319722800179465e8
2084,ANZ,3.6746031853281945e7
2084,EEU,6.877307531885035e7
2084,FSU,2.794887285725507e8
2084,MDE,4.5591022646485066e8
2084,CAM,2.0369675502872348e8
2084,LAM,4.5645357283902425e8
2084,SAS,2.2443844556243443e9
2084,SEA,7.885861892303146e8
2084,CHI,9.738801643251507e8
2084,MAF,2.869531119348186e8
2084,SSA,2.5077001795154276e9
2084,SIS,6.058702001099938e7
2085,USA,4.083242223542941e8
2085,CAN,4.017386349695476e7
2085,WEU,4.148035098309209e8
2085,JPK,1.3123901532388183e8
2085,ANZ,3.692282691625704e7
2085,EEU,6.809279381915921e7
2085,FSU,2.787983439741073e8
2085,MDE,4.5577450805713654e8
2085,CAM,2.0313333919244677e8
2085,LAM,4.545094546049257e8
2085,SAS,2.238700810047975e9
2085,SEA,7.855260686266764e8
2085,CHI,9.638433939199977e8
2085,MAF,2.8674972849496824e8
2085,SSA,2.516946127334478e9
2085,SIS,6.032589996803999e7
2086,USA,4.089710121340404e8
2086,CAN,4.0381400536904395e7
2086,WEU,4.1502466648692507e8
2086,JPK,1.3061777657845567e8
2086,ANZ,3.710247809228742e7
2086,EEU,6.745141882775792e7
2086,FSU,2.7815840433843195e8
2086,MDE,4.55486494771284e8
2086,CAM,2.024321987553655e8
2086,LAM,4.5242984892751324e8
2086,SAS,2.2316905219218717e9
2086,SEA,7.821688226529514e8
2086,CHI,9.5441857150982e8
2086,MAF,2.8637560233849204e8
2086,SSA,2.5234451667495866e9
2086,SIS,6.0029088215546235e7
2087,USA,4.096145897564682e8
2087,CAN,4.060433621517045e7
2087,WEU,4.152598721853351e8
2087,JPK,1.299992980375012e8
2087,ANZ,3.7289197010797426e7
2087,EEU,6.680947876082287e7
2087,FSU,2.7751652511598974e8
2087,MDE,4.552070762626437e8
2087,CAM,2.0172723586858475e8
2087,LAM,4.5035163260892767e8
2087,SAS,2.224675712126639e9
2087,SEA,7.788111320746795e8
2087,CHI,9.449954754872127e8
2087,MAF,2.860000247750918e8
2087,SSA,2.5299068166241283e9
2087,SIS,5.9732400229264975e7
2088,USA,4.10254886532884e8
2088,CAN,4.084282427168752e7
2088,WEU,4.155092408457648e8
2088,JPK,1.2938352670245399e8
2088,ANZ,3.748315715166568e7
2088,EEU,6.6167040491747625e7
2088,FSU,2.7687268526755077e8
2088,MDE,4.549365583318854e8
2088,CAM,2.010184096089992e8
2088,LAM,4.482748873143799e8
2088,SAS,2.217656446796148e9
2088,SEA,7.754530077782128e8
2088,CHI,9.355741503345221e8
2088,MAF,2.8562297144696295e8
2088,SSA,2.536330020838783e9
2088,SIS,5.9435846422007665e7
2089,USA,4.10891443053974e8
2089,CAN,4.109739668180067e7
2089,WEU,4.157728903393299e8
2089,JPK,1.287704061360919e8
2089,ANZ,3.7684535337614015e7
2089,EEU,6.5524176182123885e7
2089,FSU,2.7622686317149866e8
2089,MDE,4.546752571115533e8
2089,CAM,2.0030567815655547e8
2089,LAM,4.4619969673571765e8
2089,SAS,2.2106327950819387e9
2089,SEA,7.720944602662897e8
2089,CHI,9.261546419714912e8
2089,MAF,2.852444158272616e8
2089,SSA,2.542713712638089e9
2089,SIS,5.913943786725239e7
2090,USA,4.115240691163161e8
2090,CAN,4.1368317784828916e7
2090,WEU,4.160509307294969e8
2090,JPK,1.2815987698238328e8
2090,ANZ,3.789352095436607e7
2090,EEU,6.488095755597556e7
2090,FSU,2.7557903642382216e8
2090,MDE,4.544234992084382e8
2090,CAM,1.99588999801087e8
2090,LAM,4.4412614604839313e8
2090,SAS,2.2036048299830465e9
2090,SEA,7.687354991717583e8
2090,CHI,9.167369965525913e8
2090,MAF,2.848643309446583e8
2090,SSA,2.549056807623257e9
2090,SIS,5.884318585631433e7
2091,USA,4.121697638376767e8
2091,CAN,4.166599704239272e7
2091,WEU,4.1645996510401064e8
2091,JPK,1.2763915986591604e8
2091,ANZ,3.811419839031763e7
2091,EEU,6.4270847499881685e7
2091,FSU,2.749288182788475e8
2091,MDE,4.540287874010144e8
2091,CAM,1.9875414965758342e8
2091,LAM,4.419819682394552e8
2091,SAS,2.1954670249861197e9
2091,SEA,7.651647543996948e8
2091,CHI,9.079813059339386e8
2091,MAF,2.8430496826222926e8
2091,SSA,2.552831071474743e9
2091,SIS,5.85251523918042e7
2092,USA,4.1281061633171564e8
2092,CAN,4.198096307322035e7
2092,WEU,4.1688380331436586e8
2092,JPK,1.271213154433899e8
2092,ANZ,3.834279704904411e7
2092,EEU,6.366023544201162e7
2092,FSU,2.742765272097066e8
2092,MDE,4.5364412624045706e8
2092,CAM,1.9791556845544395e8
2092,LAM,4.398395963694502e8
2092,SAS,2.187325503182631e9
2092,SEA,7.615936762254055e8
2092,CHI,8.992272367867874e8
2092,MAF,2.8374412766103727e8
2092,SSA,2.5565644957481365e9
2092,SIS,5.820732179486013e7
2093,USA,4.1344611382995224e8
2093,CAN,4.2313820779786214e7
2093,WEU,4.173225166783071e8
2093,JPK,1.266062872176378e8
2093,ANZ,3.8579508758952245e7
2093,EEU,6.304919249856987e7
2093,FSU,2.736221393508815e8
2093,MDE,4.532698719082603e8
2093,CAM,1.97073220807597e8
2093,LAM,4.376991082658252e8
2093,SAS,2.179180351043354e9
2093,SEA,7.580222662432369e8
2093,CHI,8.904748307213401e8
2093,MAF,2.831817795190172e8
2093,SSA,2.5602560271882596e9
2093,SIS,5.7889706335950375e7
2094,USA,4.1407570704574597e8
2094,CAN,4.266520191150001e7
2094,WEU,4.17776177139275e8
2094,JPK,1.2609401597392401e8
2094,ANZ,3.882453016639468e7
2094,EEU,6.243779205466451e7
2094,FSU,2.729656318479185e8
2094,MDE,4.529063761520378e8
2094,CAM,1.9622707117881525e8
2094,LAM,4.355605860525475e8
2094,SAS,2.171031659210842e9
2094,SEA,7.54450527424373e8
2094,CHI,8.817241297454442e8
2094,MAF,2.8261789516164243e8
2094,SSA,2.563904608234173e9
2094,SIS,5.757231862338685e7
2095,USA,4.146987930827689e8
2095,CAN,4.303578260067233e7
2095,WEU,4.182448592154606e8
2095,JPK,1.2558443970475912e8
2095,ANZ,3.907805969216524e7
2095,EEU,6.1826110993825205e7
2095,FSU,2.723069810521134e8
2095,MDE,4.525540026239852e8
2095,CAM,1.9537708406521332e8
2095,LAM,4.334241126630534e8
2095,SAS,2.1628795216341743e9
2095,SEA,7.508784613865287e8
2095,CHI,8.729751769525604e8
2095,MAF,2.8205244409793985e8
2095,SSA,2.5675091692674513e9
2095,SIS,5.7255171899719805e7
2096,USA,4.153761830117217e8
2096,CAN,4.345255646664767e7
2096,WEU,4.188220454777071e8
2096,JPK,1.2514774286768979e8
2096,ANZ,3.934913537021402e7
2096,EEU,6.1238264445216514e7
2096,FSU,2.7157841443515897e8
2096,MDE,4.520453041407024e8
2096,CAM,1.9443465605401415e8
2096,LAM,4.312548957634222e8
2096,SAS,2.1538745278712482e9
2096,SEA,7.471726466247762e8
2096,CHI,8.647094789988503e8
2096,MAF,2.8127858966691655e8
2096,SSA,2.568631509960447e9
2096,SIS,5.692515379335517e7
2097,USA,4.1604545793898654e8
2097,CAN,4.389045468149779e7
2097,WEU,4.19414500951463e8
2097,JPK,1.247139588159765e8
2097,ANZ,3.962913864130754e7
2097,EEU,6.065006240260784e7
2097,FSU,2.708475952107792e8
2097,MDE,4.515482080464429e8
2097,CAM,1.934885611411619e8
2097,LAM,4.290878658052996e8
2097,SAS,2.1448666214386272e9
2097,SEA,7.434665366511419e8
2097,CHI,8.564453430086901e8
2097,MAF,2.805032480060286e8
2097,SSA,2.569709856382259e9
2097,SIS,5.65954165620195e7
2098,USA,4.1670587338333267e8
2098,CAN,4.435026833488084e7
2098,WEU,4.2002228520857173e8
2098,JPK,1.242830335877048e8
2098,ANZ,3.9918283812930994e7
2098,EEU,6.006157544322458e7
2098,FSU,2.701144974139859e8
2098,MDE,4.5106304388839316e8
2098,CAM,1.9253877406097138e8
2098,LAM,4.269231108010786e8
2098,SAS,2.1358559133756902e9
2098,SEA,7.397601344468449e8
2098,CHI,8.481828093539304e8
2098,MAF,2.797263903392166e8
2098,SSA,2.5707432197352304e9
2098,SIS,5.626597471275985e7
2099,USA,4.173566385502363e8
2099,CAN,4.483283393162178e7
2099,WEU,4.206454432101973e8
2099,JPK,1.2385491040435715e8
2099,ANZ,4.021679043695003e7
2099,EEU,5.947287152805022e7
2099,FSU,2.693790937391766e8
2099,MDE,4.505901612802454e8
2099,CAM,1.915852708552163e8
2099,LAM,4.2476072060714847e8
2099,SAS,2.1268425221772087e9
2099,SEA,7.360534415593978e8
2099,CHI,8.399219198484024e8
2099,MAF,2.7894798817781585e8
2099,SSA,2.5717305947241135e9
2099,SIS,5.593684322546322e7
2100,USA,4.179968989403732e8
2100,CAN,4.533903595190055e7
2100,WEU,4.212840219264184e8
2100,JPK,1.2342952915663104e8
2100,ANZ,4.0524881173627675e7
2100,EEU,5.888401853190428e7
2100,FSU,2.686413565742406e8
2100,MDE,4.501299083305753e8
2100,CAM,1.9062802835729346e8
2100,LAM,4.2260079014531696e8
2100,SAS,2.1178265723794434e9
2100,SEA,7.323464612672186e8
2100,CHI,8.316627178850172e8
2100,MAF,2.781680125005911e8
2100,SSA,2.572670973277198e9
2100,SIS,5.560803787045072e7
