time,regions,emission,co2red
1950,USA,0.00021838014585774418,0.0
1950,CAN,0.005011183170657029,0.0
1950,WEU,9.203136564223737e-5,0.0
1950,JPK,5.362308657224777e-5,0.0
1950,ANZ,0.0013689241562053844,0.0
1950,EEU,0.008315520493920904,0.0
1950,FSU,0.005423812571786413,0.0
1950,MDE,0.0013674229052946293,0.0
1950,CAM,0.005916339673091411,0.0
1950,LAM,0.0009159436294023071,0.0
1950,SAS,0.003951036512441944,0.0
1950,SEA,0.004643100251381104,0.0
1950,CHI,0.020219419771920464,0.0
1950,MAF,0.02383225253839978,0.0
1950,SSA,0.002295038391451089,0.0
1950,SIS,0.06935925405560592,0.0
1951,USA,623.9331342942364,0.0
1951,CAN,39.249253755326514,0.0
1951,WEU,347.77489213173544,0.0
1951,JPK,20.442291654365608,0.0
1951,ANZ,20.12656054862298,0.0
1951,EEU,65.31627329289817,0.0
1951,FSU,153.87280659134157,0.0
1951,MDE,7.73718185869592,0.0
1951,CAM,10.265714507133891,0.0
1951,LAM,36.32982843534801,0.0
1951,SAS,13.257171680432252,0.0
1951,SEA,3.130987421878847,0.0
1951,CHI,6.227162773905275,0.0
1951,MAF,4.637703233721588,0.0
1951,SSA,20.699474688714393,0.0
1951,SIS,3.248117380945053,0.0
1952,USA,659.6483057772468,0.0
1952,CAN,42.7268195178445,0.0
1952,WEU,358.99433247988094,0.0
1952,JPK,20.535956427470307,0.0
1952,ANZ,20.875868817366083,0.0
1952,EEU,66.37213591242555,0.0
1952,FSU,155.94846329231055,0.0
1952,MDE,7.566468260361925,0.0
1952,CAM,10.852183748853342,0.0
1952,LAM,38.62959317763299,0.0
1952,SAS,13.236208152242192,0.0
1952,SEA,3.198030038380271,0.0
1952,CHI,5.425379724422102,0.0
1952,MAF,4.990103044135858,0.0
1952,SSA,20.823665237195943,0.0
1952,SIS,3.2692296204684785,0.0
1953,USA,697.4078845916673,0.0
1953,CAN,46.51250486164231,0.0
1953,WEU,370.5757191461001,0.0
1953,JPK,20.630050364284685,0.0
1953,ANZ,21.653073699653763,0.0
1953,EEU,67.44506695633035,0.0
1953,FSU,158.05211942239066,0.0
1953,MDE,7.399521296080012,0.0
1953,CAM,11.472157348330256,0.0
1953,LAM,41.07493851023838,0.0
1953,SAS,13.215277773620121,0.0
1953,SEA,3.266508212366195,0.0
1953,CHI,4.726830857467833,0.0
1953,MAF,5.369280252784021,0.0
1953,SSA,20.948600891172372,0.0
1953,SIS,3.290479086146442,0.0
1954,USA,737.3288966725048,0.0
1954,CAN,50.63360982440475,0.0
1954,WEU,382.53072875000163,0.0
1954,JPK,20.72457543119892,0.0
1954,ANZ,22.45921378144555,0.0
1954,EEU,68.5353423422418,0.0
1954,FSU,160.1841526779659,0.0
1954,MDE,7.236257858633064,0.0
1954,CAM,12.127549373530846,0.0
1954,LAM,43.67508003156361,0.0
1954,SAS,13.194380492146735,0.0
1954,SEA,3.3364526828709655,0.0
1954,CHI,4.11822417784591,0.0
1954,MAF,5.777269562963277,0.0
1954,SSA,21.07428612104994,0.0
1954,SIS,3.3118666699268435,0.0
1955,USA,779.5350667516508,0.0
1955,CAN,55.119853284107414,0.0
1955,WEU,394.8714146064076,0.0
1955,JPK,20.819533603613014,0.0
1955,ANZ,23.29536631507145,0.0
1955,EEU,69.64324244810336,0.0
1955,FSU,162.34494585032988,0.0
1955,MDE,7.0765966744860895,0.0
1955,CAM,12.820383241067997,0.0
1955,LAM,46.4398167093547,0.0
1955,SAS,13.173516255485612,0.0
1955,SEA,3.4078948471319244,0.0
1955,CHI,3.5879791112474853,0.0
1955,MAF,6.216260286625133,0.0
1955,SSA,21.20072542405588,0.0
1955,SIS,3.3333932695550827,0.0
1956,USA,824.1572018103183,0.0
1956,CAN,60.00358727331258,0.0
1956,WEU,407.6102188777815,0.0
1956,JPK,20.914926865978078,0.0
1956,ANZ,24.16264865877406,0.0
1956,EEU,70.76905218427565,0.0
1956,FSU,164.53488689441323,0.0
1956,MDE,6.92045826332775,0.0
1956,CAM,13.552797963172047,0.0
1956,LAM,49.37956780937465,0.0
1956,SAS,13.15268501138308,0.0
1956,SEA,3.4808667746832453,0.0
1956,CHI,3.1260061489615154,0.0
1956,MAF,6.688608092445076,0.0
1956,SSA,21.327923324399475,0.0
1956,SIS,3.3550597886117735,0.0
1957,USA,871.3335964810528,0.0
1957,CAN,65.32003028215867,0.0
1957,WEU,420.7599851187022,0.0
1957,JPK,21.0107572118378,0.0
1957,ANZ,25.062219769844617,0.0
1957,EEU,71.91306106680452,0.0
1957,FSU,166.7543689984382,0.0
1957,MDE,6.767764898504599,0.0
1957,CAM,14.327054751544145,0.0
1957,LAM,52.505412161746506,0.0
1957,SAS,13.131886707668098,0.0
1957,SEA,3.555401221751574,0.0
1957,CHI,2.7235148645967606,0.0
1957,MAF,7.196847646579181,0.0
1957,SSA,21.45588437343391,0.0
1957,SIS,3.376867136550646,0.0
1958,USA,921.2104616557649,0.0
1958,CAN,71.1075212324814,0.0
1958,WEU,434.33397122502987,0.0
1958,JPK,21.10702664387011,0.0
1958,ANZ,25.995281753348102,0.0
1958,EEU,73.07556329187382,0.0
1958,FSU,169.00379065451227,0.0
1958,MDE,6.618440568328266,0.0
1958,CAM,15.145543998480843,0.0
1958,LAM,55.82912991294952,0.0
1958,SAS,13.111121292252127,0.0
1958,SEA,3.6315316459599045,0.0
1958,CHI,2.3728466497558487,0.0
1958,MAF,7.743706213939404,0.0
1958,SSA,21.58461314981904,0.0
1958,SIS,3.3988162287367443,0.0
1959,USA,973.9423776281305,0.0
1959,CAN,77.40779595457188,0.0
1959,WEU,448.34586280082084,0.0
1959,JPK,21.203737173929042,0.0
1959,ANZ,26.963081468507237,0.0
1959,EEU,74.25685781146156,0.0
1959,FSU,171.28355573017532,0.0
1959,MDE,6.472410938236378,0.0
1959,CAM,16.010792656822645,0.0
1959,LAM,59.363246920816394,0.0
1959,SAS,13.090388713128988,0.0
1959,SEA,3.709292221346303,0.0
1959,CHI,2.067328985954032,0.0
1959,MAF,8.332118292973234,0.0
1959,SSA,21.71411425968535,0.0
1959,SIS,3.420907986484831,0.0
1960,USA,1002.3200221822595,0.0
1960,CAN,81.05158929450614,0.0
1960,WEU,463.56051087561474,0.0
1960,JPK,20.566425455880648,0.0
1960,ANZ,28.093249201685847,0.0
1960,EEU,76.2233458236761,0.0
1960,FSU,178.02725480597135,0.0
1960,MDE,6.401203996239793,0.0
1960,CAM,17.288764956365785,0.0
1960,LAM,63.462071578242565,0.0
1960,SAS,13.247329130397492,0.0
1960,SEA,3.7602726177625976,0.0
1960,CHI,2.320894349555744,0.0
1960,MAF,8.46306272755862,0.0
1960,SSA,21.700937343285833,0.0
1960,SIS,3.472731338239943,0.0
1961,USA,1026.9790011153882,0.0
1961,CAN,84.10078296123598,0.0
1961,WEU,477.75317055037857,0.0
1961,JPK,19.904568318241623,0.0
1961,ANZ,29.131062745189944,0.0
1961,EEU,77.92127894074108,0.0
1961,FSU,184.12361939451847,0.0
1961,MDE,6.359588119010047,0.0
1961,CAM,18.691635880736456,0.0
1961,LAM,67.26423727310329,0.0
1961,SAS,13.415951132783894,0.0
1961,SEA,3.8259153619746886,0.0
1961,CHI,2.5588273710497482,0.0
1961,MAF,8.635010940323678,0.0
1961,SSA,21.96110932651831,0.0
1961,SIS,3.6070696159687468,0.0
1962,USA,1043.9911657504683,0.0
1962,CAN,87.26468853057195,0.0
1962,WEU,500.05448693275645,0.0
1962,JPK,20.580143992469367,0.0
1962,ANZ,30.079986912903852,0.0
1962,EEU,79.65703481196185,0.0
1962,FSU,190.42874786720805,0.0
1962,MDE,6.382880702726603,0.0
1962,CAM,19.86681903452949,0.0
1962,LAM,72.44735989689053,0.0
1962,SAS,13.698648075083428,0.0
1962,SEA,3.8470457419545543,0.0
1962,CHI,2.0009407028378288,0.0
1962,MAF,8.153983483493032,0.0
1962,SSA,21.742223953018655,0.0
1962,SIS,3.5761002993122935,0.0
1963,USA,1100.7072676135062,0.0
1963,CAN,92.99783933411894,0.0
1963,WEU,521.4157546469105,0.0
1963,JPK,20.732386160944653,0.0
1963,ANZ,30.874069809098383,0.0
1963,EEU,81.43145596801163,0.0
1963,FSU,196.94978913363818,0.0
1963,MDE,6.385360306403887,0.0
1963,CAM,21.145022688280548,0.0
1963,LAM,76.15304781071657,0.0
1963,SAS,13.96413976737423,0.0
1963,SEA,3.8087109593540185,0.0
1963,CHI,2.030554906748096,0.0
1963,MAF,7.5370769276036516,0.0
1963,SSA,22.496367859183472,0.0
1963,SIS,3.721718602523325,0.0
1964,USA,1141.910217873602,0.0
1964,CAN,97.19253871987304,0.0
1964,WEU,545.4866950092338,0.0
1964,JPK,20.834249206850004,0.0
1964,ANZ,32.95487216952776,0.0
1964,EEU,83.24540370757614,0.0
1964,FSU,203.6941369106386,0.0
1964,MDE,6.415248138423645,0.0
1964,CAM,23.28454180025189,0.0
1964,LAM,77.71973049342961,0.0
1964,SAS,14.46426010845577,0.0
1964,SEA,3.7490965026200302,0.0
1964,CHI,2.4007266534541465,0.0
1964,MAF,8.357309191776425,0.0
1964,SSA,23.35308110884391,0.0
1964,SIS,3.791655069100048,0.0
1965,USA,1200.541709923236,0.0
1965,CAN,102.8234680572001,0.0
1965,WEU,571.5124510867862,0.0
1965,JPK,21.556730867365165,0.0
1965,ANZ,35.36367541237064,0.0
1965,EEU,85.09975851542596,0.0
1965,FSU,210.66943810544777,0.0
1965,MDE,6.450441372079336,0.0
1965,CAM,26.124236405469674,0.0
1965,LAM,83.60605588403605,0.0
1965,SAS,15.217120849050895,0.0
1965,SEA,3.7044236924480263,0.0
1965,CHI,2.9809361740004405,0.0
1965,MAF,8.612723490969252,0.0
1965,SSA,24.037804755940318,0.0
1965,SIS,3.8982645351294876,0.0
1966,USA,1269.3415829354863,0.0
1966,CAN,108.44791108168913,0.0
1966,WEU,593.8649632682811,0.0
1966,JPK,21.166923387001756,0.0
1966,ANZ,37.5720501522218,0.0
1966,EEU,86.9954204898009,0.0
1966,FSU,217.86161188239336,0.0
1966,MDE,6.575260992058609,0.0
1966,CAM,28.340982615305865,0.0
1966,LAM,88.3247616519339,0.0
1966,SAS,14.73394521442755,0.0
1966,SEA,3.6927620794483427,0.0
1966,CHI,3.7056940139912555,0.0
1966,MAF,8.735840202009497,0.0
1966,SSA,24.487096192608735,0.0
1966,SIS,3.8220401815665626,0.0
1967,USA,1343.345552195169,0.0
1967,CAN,114.7977365747995,0.0
1967,WEU,616.9115315189412,0.0
1967,JPK,21.703061473649065,0.0
1967,ANZ,38.89456298457958,0.0
1967,EEU,88.93330977931492,0.0
1967,FSU,225.39243032120172,0.0
1967,MDE,6.720303056121271,0.0
1967,CAM,30.47474447906489,0.0
1967,LAM,91.64735865216714,0.0
1967,SAS,14.716630795161324,0.0
1967,SEA,3.695421479870482,0.0
1967,CHI,4.279538997064952,0.0
1967,MAF,8.503366676315117,0.0
1967,SSA,24.677053374028254,0.0
1967,SIS,3.9154157600430524,0.0
1968,USA,1368.268199676645,0.0
1968,CAN,117.40385111635965,0.0
1968,WEU,641.7422023921123,0.0
1968,JPK,22.329075301656843,0.0
1968,ANZ,41.50538830449086,0.0
1968,EEU,90.91436702959359,0.0
1968,FSU,233.16519690596277,0.0
1968,MDE,6.776012252894361,0.0
1968,CAM,32.78481762510276,0.0
1968,LAM,95.58216105943346,0.0
1968,SAS,15.355209575424901,0.0
1968,SEA,3.6800813706504147,0.0
1968,CHI,4.27602843614003,0.0
1968,MAF,8.53373694287831,0.0
1968,SSA,24.165223700288223,0.0
1968,SIS,3.9281706665144642,0.0
1969,USA,1424.925447619564,0.0
1969,CAN,122.28723226685193,0.0
1969,WEU,669.2160595899238,0.0
1969,JPK,23.38343126313483,0.0
1969,ANZ,43.92906153075886,0.0
1969,EEU,92.93955383986085,0.0
1969,FSU,241.15501979183554,0.0
1969,MDE,7.030258082814741,0.0
1969,CAM,35.99528853472685,0.0
1969,LAM,102.1465359185072,0.0
1969,SAS,15.78570125730027,0.0
1969,SEA,3.7944299004537076,0.0
1969,CHI,4.39884775889126,0.0
1969,MAF,8.645404156779215,0.0
1969,SSA,24.257365646437957,0.0
1969,SIS,3.9567223056735608,0.0
1970,USA,1497.8555380090831,0.0
1970,CAN,130.5673360710841,0.0
1970,WEU,716.4179231897112,0.0
1970,JPK,26.87065456450814,0.0
1970,ANZ,46.865457065503804,0.0
1970,EEU,96.73698999422224,0.0
1970,FSU,250.4302778502037,0.0
1970,MDE,7.669012267966635,0.0
1970,CAM,36.617506396481794,0.0
1970,LAM,110.82549349727515,0.0
1970,SAS,16.0804036642325,0.0
1970,SEA,4.088223650694904,0.0
1970,CHI,5.1289353467373555,0.0
1970,MAF,9.119893876438013,0.0
1970,SSA,25.856535653378813,0.0
1970,SIS,4.141191168907308,0.0
1971,USA,1523.2956196389705,0.0
1971,CAN,136.5135787638449,0.0
1971,WEU,765.4545651006405,0.0
1971,JPK,27.62368372816649,0.0
1971,ANZ,49.85489295748209,0.0
1971,EEU,100.7015666842746,0.0
1971,FSU,259.4473436096675,0.0
1971,MDE,8.61553281693566,0.0
1971,CAM,38.0554203510974,0.0
1971,LAM,118.09709895162385,0.0
1971,SAS,16.423638796305063,0.0
1971,SEA,4.446623592653959,0.0
1971,CHI,6.033250659301602,0.0
1971,MAF,9.619696252022587,0.0
1971,SSA,27.565507679028126,0.0
1971,SIS,4.393668458081721,0.0
1972,USA,1604.2635995870123,0.0
1972,CAN,144.26503949479329,0.0
1972,WEU,808.9791289753359,0.0
1972,JPK,29.473793432746525,0.0
1972,ANZ,51.792356858951344,0.0
1972,EEU,104.82862381053067,0.0
1972,FSU,268.4822400170811,0.0
1972,MDE,9.55921879840558,0.0
1972,CAM,38.8562406044098,0.0
1972,LAM,126.80004592411188,0.0
1972,SAS,16.044187681031943,0.0
1972,SEA,4.806422440792849,0.0
1972,CHI,6.3982067060189864,0.0
1972,MAF,9.452172820996827,0.0
1972,SSA,28.952835791315,0.0
1972,SIS,4.655392749647133,0.0
1973,USA,1721.68485503061,0.0
1973,CAN,154.71398613732643,0.0
1973,WEU,862.9031196842069,0.0
1973,JPK,32.56206097013599,0.0
1973,ANZ,53.73791037125004,0.0
1973,EEU,109.12482031648268,0.0
1973,FSU,277.8114817484588,0.0
1973,MDE,10.692691361034923,0.0
1973,CAM,41.127276256904345,0.0
1973,LAM,135.27139849632954,0.0
1973,SAS,15.205116405795442,0.0
1973,SEA,5.190141989162201,0.0
1973,CHI,6.630381446267373,0.0
1973,MAF,10.45435119554767,0.0
1973,SSA,29.478511781654415,0.0
1973,SIS,4.890279255484634,0.0
1974,USA,1854.490811625061,0.0
1974,CAN,168.00503711723903,0.0
1974,WEU,928.6070170073425,0.0
1974,JPK,36.07925630468815,0.0
1974,ANZ,55.50067318800523,0.0
1974,EEU,113.59708804942248,0.0
1974,FSU,287.5713143526792,0.0
1974,MDE,11.58939848112736,0.0
1974,CAM,43.423790603683756,0.0
1974,LAM,147.41187644653562,0.0
1974,SAS,15.095864685790332,0.0
1974,SEA,5.717285598612239,0.0
1974,CHI,7.139196254211414,0.0
1974,MAF,10.6890016346839,0.0
1974,SSA,30.355330320928143,0.0
1974,SIS,5.016798253469968,0.0
1975,USA,1880.5716119948584,0.0
1975,CAN,176.36647952479356,0.0
1975,WEU,968.1795473480776,0.0
1975,JPK,36.550590504929396,0.0
1975,ANZ,58.060166612230326,0.0
1975,EEU,118.25264294487093,0.0
1975,FSU,297.7770294162151,0.0
1975,MDE,12.38724969169142,0.0
1975,CAM,45.1405002807203,0.0
1975,LAM,158.86778482621966,0.0
1975,SAS,14.951978290916424,0.0
1975,SEA,6.120521217228779,0.0
1975,CHI,7.322004432800997,0.0
1975,MAF,11.146613924560931,0.0
1975,SSA,31.961726875477396,0.0
1975,SIS,5.134880665233243,0.0
1976,USA,1913.444019102098,0.0
1976,CAN,181.88310255426023,0.0
1976,WEU,979.1617576671904,0.0
1976,JPK,38.61086850798855,0.0
1976,ANZ,58.609736334763575,0.0
1976,EEU,123.09899666938026,0.0
1976,FSU,308.30926182065383,0.0
1976,MDE,12.172646439609633,0.0
1976,CAM,46.346444399825494,0.0
1976,LAM,165.37258407079145,0.0
1976,SAS,15.417487060852677,0.0
1976,SEA,6.464571316380349,0.0
1976,CHI,7.7511975049921205,0.0
1976,MAF,11.778250473445436,0.0
1976,SSA,31.64566443937791,0.0
1976,SIS,5.268148934032558,0.0
1977,USA,2056.0166100664856,0.0
1977,CAN,195.73875558797585,0.0
1977,WEU,1043.3989838544987,0.0
1977,JPK,41.23981674057658,0.0
1977,ANZ,60.251854932560676,0.0
1977,EEU,128.1439687404918,0.0
1977,FSU,319.1529430631524,0.0
1977,MDE,13.766511747966561,0.0
1977,CAM,47.372413950525306,0.0
1977,LAM,177.98567248554846,0.0
1977,SAS,15.233093649162175,0.0
1977,SEA,7.085041834977201,0.0
1977,CHI,7.701057646051589,0.0
1977,MAF,12.765094120005983,0.0
1977,SSA,32.38533828934519,0.0
1977,SIS,5.5084766353131265,0.0
1978,USA,2193.1973951369814,0.0
1978,CAN,205.79448362934033,0.0
1978,WEU,1095.0615250340732,0.0
1978,JPK,44.153023988074615,0.0
1978,ANZ,61.725279540121804,0.0
1978,EEU,133.39569914340893,0.0
1978,FSU,330.40962785473096,0.0
1978,MDE,13.989768895354999,0.0
1978,CAM,48.368224029895195,0.0
1978,LAM,189.29362277222245,0.0
1978,SAS,15.59288892111782,0.0
1978,SEA,7.731279592369337,0.0
1978,CHI,8.301565463084202,0.0
1978,MAF,13.43695773125774,0.0
1978,SSA,32.77087994600958,0.0
1978,SIS,5.820415303276006,0.0
1979,USA,2359.905449420326,0.0
1979,CAN,216.88003314357752,0.0
1979,WEU,1152.314632807055,0.0
1979,JPK,47.540652476055456,0.0
1979,ANZ,62.288723699662164,0.0
1979,EEU,138.86266146473793,0.0
1979,FSU,342.0934696766984,0.0
1979,MDE,13.204292498656672,0.0
1979,CAM,51.52877835316025,0.0
1979,LAM,194.54153193135255,0.0
1979,SAS,15.749835770109264,0.0
1979,SEA,8.360973625849523,0.0
1979,CHI,9.123360192942,0.0
1979,MAF,14.243101020945199,0.0
1979,SSA,32.70514473024913,0.0
1979,SIS,6.016829509443798,0.0
1980,USA,2533.0817293580744,0.0
1980,CAN,238.37220519595473,0.0
1980,WEU,1271.999832808449,0.0
1980,JPK,51.994940021469745,0.0
1980,ANZ,63.14183844139426,0.0
1980,EEU,151.81970437937707,0.0
1980,FSU,368.5639396451475,0.0
1980,MDE,13.04273411668047,0.0
1980,CAM,55.92417859482676,0.0
1980,LAM,202.0503274095289,0.0
1980,SAS,14.940572342975884,0.0
1980,SEA,9.03920399886423,0.0
1980,CHI,10.422926430999013,0.0
1980,MAF,15.294803013157093,0.0
1980,SSA,33.9662007946359,0.0
1980,SIS,6.447726224785474,0.0
1981,USA,2628.75482943922,0.0
1981,CAN,258.0643673725381,0.0
1981,WEU,1376.8489226481856,0.0
1981,JPK,55.360407053174036,0.0
1981,ANZ,63.283564161721785,0.0
1981,EEU,162.9739613009966,0.0
1981,FSU,401.72127106066887,0.0
1981,MDE,11.806145933380353,0.0
1981,CAM,60.573906995270484,0.0
1981,LAM,211.85915080588774,0.0
1981,SAS,15.558443235868307,0.0
1981,SEA,9.785542681240056,0.0
1981,CHI,11.898871926668708,0.0
1981,MAF,16.262637238161894,0.0
1981,SSA,34.830532890745936,0.0
1981,SIS,7.066899954585165,0.0
1982,USA,2804.472003656029,0.0
1982,CAN,282.9989214798727,0.0
1982,WEU,1470.5745739342656,0.0
1982,JPK,60.17595897442761,0.0
1982,ANZ,64.02064433475987,0.0
1982,EEU,175.29517533337494,0.0
1982,FSU,437.9662657798236,0.0
1982,MDE,11.398327056531643,0.0
1982,CAM,64.74732238032514,0.0
1982,LAM,204.5916484565607,0.0
1982,SAS,16.173021636535665,0.0
1982,SEA,10.41634171066278,0.0
1982,CHI,13.40727314104721,0.0
1982,MAF,17.15773048821567,0.0
1982,SSA,34.097043071719035,0.0
1982,SIS,8.026365667432659,0.0
1983,USA,2865.281255157686,0.0
1983,CAN,290.3507805057652,0.0
1983,WEU,1582.3470505732569,0.0
1983,JPK,65.16388975249052,0.0
1983,ANZ,64.12084116153605,0.0
1983,EEU,188.2649917153881,0.0
1983,FSU,477.1974169941053,0.0
1983,MDE,10.820338423138404,0.0
1983,CAM,63.81316318723495,0.0
1983,LAM,202.39658701303404,0.0
1983,SAS,16.460751315254058,0.0
1983,SEA,10.917646863196419,0.0
1983,CHI,15.449063075397707,0.0
1983,MAF,18.548646416479272,0.0
1983,SSA,32.91197310870462,0.0
1983,SIS,8.648408438771364,0.0
1984,USA,3117.809524828779,0.0
1984,CAN,315.7089738817635,0.0
1984,WEU,1718.4331186943755,0.0
1984,JPK,70.83882389297067,0.0
1984,ANZ,61.677145545147674,0.0
1984,EEU,202.3013759729142,0.0
1984,FSU,520.104420218349,0.0
1984,MDE,10.262239786262038,0.0
1984,CAM,61.49630975967489,0.0
1984,LAM,195.47633567792244,0.0
1984,SAS,17.174943779272468,0.0
1984,SEA,11.54871146696015,0.0
1984,CHI,18.133347619828196,0.0
1984,MAF,19.661789414088034,0.0
1984,SSA,31.975554490743015,0.0
1984,SIS,9.236411123770743,0.0
1985,USA,3478.6446812402664,0.0
1985,CAN,354.3490834070577,0.0
1985,WEU,1877.690614574444,0.0
1985,JPK,77.34402222765121,0.0
1985,ANZ,63.097625544188624,0.0
1985,EEU,217.2652613341475,0.0
1985,FSU,566.9749804263448,0.0
1985,MDE,9.691521507754661,0.0
1985,CAM,63.31443531900789,0.0
1985,LAM,198.92061534614172,0.0
1985,SAS,17.494444625909434,0.0
1985,SEA,12.105651293656388,0.0
1985,CHI,22.236970653644654,0.0
1985,MAF,21.23714753424127,0.0
1985,SSA,31.895370178045347,0.0
1985,SIS,9.975288574891396,0.0
1986,USA,3770.2372091057423,0.0
1986,CAN,393.3186030655834,0.0
1986,WEU,2054.731759023095,0.0
1986,JPK,85.13530530720391,0.0
1986,ANZ,64.53773271289852,0.0
1986,EEU,233.31760615053386,0.0
1986,FSU,618.3331836896647,0.0
1986,MDE,9.316435458360619,0.0
1986,CAM,63.9811211331354,0.0
1986,LAM,203.80737791963048,0.0
1986,SAS,18.03948802384526,0.0
1986,SEA,12.244285648291857,0.0
1986,CHI,26.366397195811413,0.0
1986,MAF,22.525269000976415,0.0
1986,SSA,31.31360942680443,0.0
1986,SIS,10.341968460915894,0.0
1987,USA,4058.5383567663307,0.0
1987,CAN,425.7614997886473,0.0
1987,WEU,2245.2050563340613,0.0
1987,JPK,92.50757293488772,0.0
1987,ANZ,65.42838471560624,0.0
1987,EEU,251.04007565242796,0.0
1987,FSU,672.6261643366208,0.0
1987,MDE,8.988351361751436,0.0
1987,CAM,62.126000723157304,0.0
1987,LAM,216.27355957243466,0.0
1987,SAS,18.492635039640824,0.0
1987,SEA,12.839190652599637,0.0
1987,CHI,30.45761288516205,0.0
1987,MAF,23.57158774906404,0.0
1987,SSA,31.09670431279251,0.0
1987,SIS,10.754375381281664,0.0
1988,USA,4368.755190604986,0.0
1988,CAN,469.5827471627154,0.0
1988,WEU,2463.2788852862286,0.0
1988,JPK,101.71602634920308,0.0
1988,ANZ,65.55748980150823,0.0
1988,EEU,270.3707488734676,0.0
1988,FSU,733.428768366373,0.0
1988,MDE,8.845717726529132,0.0
1988,CAM,62.97368484433194,0.0
1988,LAM,224.95745853583892,0.0
1988,SAS,18.937168482875858,0.0
1988,SEA,13.683159762857667,0.0
1988,CHI,36.17767366631235,0.0
1988,MAF,24.374341180646695,0.0
1988,SSA,31.47708899454367,0.0
1988,SIS,11.470435131655389,0.0
1989,USA,4735.295914649091,0.0
1989,CAN,519.5962130551953,0.0
1989,WEU,2738.7137616065206,0.0
1989,JPK,113.50288780362236,0.0
1989,ANZ,67.2347868575836,0.0
1989,EEU,291.4054588937386,0.0
1989,FSU,796.9473674948965,0.0
1989,MDE,8.575421023295593,0.0
1989,CAM,63.48787146080905,0.0
1989,LAM,221.82282831041795,0.0
1989,SAS,20.175498627461707,0.0
1989,SEA,19.458686915564517,0.0
1989,CHI,42.600888681524935,0.0
1989,MAF,25.567589888871648,0.0
1989,SSA,32.11233039868145,0.0
1989,SIS,12.284548171123795,0.0
1990,USA,4784.449958744918,0.0
1990,CAN,523.0544776628129,0.0
1990,WEU,2737.116710831415,0.0
1990,JPK,116.082406694003,0.0
1990,ANZ,67.47629941227892,0.0
1990,EEU,272.7012548521838,0.0
1990,FSU,844.8687553955386,0.0
1990,MDE,8.117931885703062,0.0
1990,CAM,65.68975497134754,0.0
1990,LAM,229.2514472487979,0.0
1990,SAS,21.278457864797716,0.0
1990,SEA,21.264814208685014,0.0
1990,CHI,44.14812007512447,0.0
1990,MAF,26.617362804753924,0.0
1990,SSA,33.8820187539733,0.0
1990,SIS,11.505883902091135,0.0
1991,USA,4985.476963017184,0.0
1991,CAN,553.3207155990494,0.0
1991,WEU,2704.5033046378535,0.0
1991,JPK,118.44705610521434,0.0
1991,ANZ,71.60968470033171,0.0
1991,EEU,272.0835481744657,0.0
1991,FSU,765.8681617033143,0.0
1991,MDE,9.34436760916591,0.0
1991,CAM,67.03260389739742,0.0
1991,LAM,223.59972690930147,0.0
1991,SAS,23.193639379935355,0.0
1991,SEA,22.918616209849123,0.0
1991,CHI,44.07283582204534,0.0
1991,MAF,27.92036691829567,0.0
1991,SSA,33.70358392977601,0.0
1991,SIS,11.119553610629366,0.0
1992,USA,4944.60199228993,0.0
1992,CAN,535.3553993697865,0.0
1992,WEU,2688.0771516828154,0.0
1992,JPK,122.77078923737523,0.0
1992,ANZ,71.57321855221785,0.0
1992,EEU,249.1763893382973,0.0
1992,FSU,753.057122217963,0.0
1992,MDE,9.93428908337618,0.0
1992,CAM,65.84122957997492,0.0
1992,LAM,235.58859544113218,0.0
1992,SAS,23.360189702525343,0.0
1992,SEA,24.954438079994972,0.0
1992,CHI,45.92349219737736,0.0
1992,MAF,27.91543444170634,0.0
1992,SSA,36.04009827562378,0.0
1992,SIS,10.412383234122414,0.0
1993,USA,5044.562287473424,0.0
1993,CAN,543.4336802420667,0.0
1993,WEU,2734.8974880553956,0.0
1993,JPK,131.79290266537197,0.0
1993,ANZ,69.92422489292314,0.0
1993,EEU,228.19160742532057,0.0
1993,FSU,632.1650275491052,0.0
1993,MDE,10.880730768827098,0.0
1993,CAM,72.0420052836986,0.0
1993,LAM,241.32275825567572,0.0
1993,SAS,25.17229427940529,0.0
1993,SEA,26.63509233245258,0.0
1993,CHI,48.326593220461156,0.0
1993,MAF,28.196104958426034,0.0
1993,SSA,36.08896479618857,0.0
1993,SIS,11.088776460312534,0.0
1994,USA,4976.771716382929,0.0
1994,CAN,547.6224805262246,0.0
1994,WEU,2689.6526819755063,0.0
1994,JPK,132.2854272975696,0.0
1994,ANZ,72.34839639052409,0.0
1994,EEU,225.71656973804508,0.0
1994,FSU,622.0497525753722,0.0
1994,MDE,11.578652865342413,0.0
1994,CAM,67.27335951332493,0.0
1994,LAM,255.74601407601972,0.0
1994,SAS,26.60570037690366,0.0
1994,SEA,29.52970407555539,0.0
1994,CHI,53.85076773241701,0.0
1994,MAF,29.065967195795228,0.0
1994,SSA,37.4114699808309,0.0
1994,SIS,11.406664023926389,0.0
1995,USA,5206.344664198033,0.0
1995,CAN,574.0244937896155,0.0
1995,WEU,2762.437646765382,0.0
1995,JPK,132.5471048582751,0.0
1995,ANZ,74.3414275777924,0.0
1995,EEU,231.08598938636325,0.0
1995,FSU,538.8020218418341,0.0
1995,MDE,11.812576247171204,0.0
1995,CAM,78.35845343704123,0.0
1995,LAM,278.5036004759415,0.0
1995,SAS,27.8002306014893,0.0
1995,SEA,31.67316904051052,0.0
1995,CHI,55.19370872343365,0.0
1995,MAF,29.686762138777727,0.0
1995,SSA,38.21557979579474,0.0
1995,SIS,11.654523663721017,0.0
1996,USA,5293.666488139251,0.0
1996,CAN,596.7750479332578,0.0
1996,WEU,2729.9635316979557,0.0
1996,JPK,133.80292563904322,0.0
1996,ANZ,76.70693554321636,0.0
1996,EEU,227.1435414760594,0.0
1996,FSU,502.3303529099003,0.0
1996,MDE,12.306951383567748,0.0
1996,CAM,73.71829048346892,0.0
1996,LAM,297.04804513695717,0.0
1996,SAS,29.08350486384862,0.0
1996,SEA,34.04186727870115,0.0
1996,CHI,54.64468370993136,0.0
1996,MAF,29.67171761135769,0.0
1996,SSA,38.63540647826865,0.0
1996,SIS,12.38518060450677,0.0
1997,USA,5339.548688444872,0.0
1997,CAN,594.5826435981627,0.0
1997,WEU,2744.8772111166777,0.0
1997,JPK,126.96938479500645,0.0
1997,ANZ,79.53009473653394,0.0
1997,EEU,217.85814564802035,0.0
1997,FSU,469.13488401136857,0.0
1997,MDE,12.243983616437392,0.0
1997,CAM,78.29559173785152,0.0
1997,LAM,296.94626857365546,0.0
1997,SAS,30.808837987765198,0.0
1997,SEA,34.574450337074225,0.0
1997,CHI,56.439705509927805,0.0
1997,MAF,30.916878797858278,0.0
1997,SSA,38.220377196193674,0.0
1997,SIS,12.912258626288686,0.0
1998,USA,5381.221763938525,0.0
1998,CAN,615.9226886719723,0.0
1998,WEU,2728.1679971844733,0.0
1998,JPK,139.61705287717191,0.0
1998,ANZ,81.89781047169667,0.0
1998,EEU,204.75912735634077,0.0
1998,FSU,493.66565944262686,0.0
1998,MDE,12.510897846402042,0.0
1998,CAM,78.64344291399702,0.0
1998,LAM,305.84016022104674,0.0
1998,SAS,32.317042816824255,0.0
1998,SEA,40.761137139714926,0.0
1998,CHI,57.41538544038997,0.0
1998,MAF,31.06191148232509,0.0
1998,SSA,39.65150044052279,0.0
1998,SIS,13.564911741338115,0.0
1999,USA,5548.759746935042,0.0
1999,CAN,636.3653291193096,0.0
1999,WEU,2755.1951845281014,0.0
1999,JPK,141.09933937521512,0.0
1999,ANZ,82.6842844319838,0.0
1999,EEU,207.51903301203765,0.0
1999,FSU,456.4581186980834,0.0
1999,MDE,13.829137486862216,0.0
1999,CAM,83.86893439157268,0.0
1999,LAM,321.4985667989994,0.0
1999,SAS,33.01929643806659,0.0
1999,SEA,37.976979002045866,0.0
1999,CHI,60.91222032181386,0.0
1999,MAF,31.46312998939155,0.0
1999,SSA,40.18304840408392,0.0
1999,SIS,13.940804651526133,0.0
2000,USA,5491.836348830417,0.0
2000,CAN,632.2654390042516,0.0
2000,WEU,2785.1092853546597,0.0
2000,JPK,137.8653086344753,0.0
2000,ANZ,85.71522931793143,0.0
2000,EEU,205.95508231021984,0.0
2000,FSU,437.9698923551242,0.0
2000,MDE,13.26787008912257,0.0
2000,CAM,82.55387269808068,0.0
2000,LAM,303.5736636443885,0.0
2000,SAS,35.29930942943909,0.0
2000,SEA,38.26056287017291,0.0
2000,CHI,63.016480854245096,0.0
2000,MAF,32.929202003822326,0.0
2000,SSA,40.3377484945615,0.0
2000,SIS,14.202211276052912,0.0
2001,USA,5735.768704740195,0.0
2001,CAN,659.814268156056,0.0
2001,WEU,2824.513237390246,0.0
2001,JPK,144.19981649990513,0.0
2001,ANZ,88.30251237932809,0.0
2001,EEU,204.86982144630852,0.0
2001,FSU,453.4358348011452,0.0
2001,MDE,14.830926470029175,0.0
2001,CAM,87.37229488843212,0.0
2001,LAM,305.39165683050265,0.0
2001,SAS,36.396552465855166,0.0
2001,SEA,40.83649624389614,0.0
2001,CHI,68.22024537792105,0.0
2001,MAF,34.57069492196785,0.0
2001,SSA,38.81302439859027,0.0
2001,SIS,15.093585555858041,0.0
2002,USA,5795.346390477958,0.0
2002,CAN,672.8102699674357,0.0
2002,WEU,2900.852735281246,0.0
2002,JPK,144.8545874445914,0.0
2002,ANZ,88.10041903368236,0.0
2002,EEU,212.09471290936875,0.0
2002,FSU,473.44794719317287,0.0
2002,MDE,14.787966943944138,0.0
2002,CAM,87.33195163503133,0.0
2002,LAM,307.71437700528276,0.0
2002,SAS,37.37784684733204,0.0
2002,SEA,42.36510155242209,0.0
2002,CHI,79.07499275576687,0.0
2002,MAF,35.50517441948759,0.0
2002,SSA,41.13933301487209,0.0
2002,SIS,14.871367083264284,0.0
2003,USA,5878.332687710436,0.0
2003,CAN,678.1320966446317,0.0
2003,WEU,2927.7411247754844,0.0
2003,JPK,147.48454460148497,0.0
2003,ANZ,91.85699747664586,0.0
2003,EEU,212.14083927993804,0.0
2003,FSU,458.71117680309226,0.0
2003,MDE,15.139935029910855,0.0
2003,CAM,88.57783548308814,0.0
2003,LAM,320.09397657920755,0.0
2003,SAS,39.27587451106511,0.0
2003,SEA,44.088117941061626,0.0
2003,CHI,91.60580085996085,0.0
2003,MAF,36.429704730153134,0.0
2003,SSA,44.06248031647587,0.0
2003,SIS,15.444182954619551,0.0
2004,USA,5891.994133911126,0.0
2004,CAN,707.49756604169,0.0
2004,WEU,2875.523911671695,0.0
2004,JPK,143.44625099804477,0.0
2004,ANZ,91.92435143947607,0.0
2004,EEU,206.48372437117638,0.0
2004,FSU,460.7901103013116,0.0
2004,MDE,15.71973868078642,0.0
2004,CAM,90.4595541905677,0.0
2004,LAM,313.10312811686805,0.0
2004,SAS,41.30434002970967,0.0
2004,SEA,44.986229125152335,0.0
2004,CHI,101.67287992863308,0.0
2004,MAF,39.808629190943165,0.0
2004,SSA,43.174263706530404,0.0
2004,SIS,16.49584011317615,0.0
2005,USA,5739.55561100971,0.0
2005,CAN,699.890246743586,0.0
2005,WEU,2892.7906389734444,0.0
2005,JPK,143.42715241312325,0.0
2005,ANZ,93.6956699671999,0.0
2005,EEU,215.29693989791699,0.0
2005,FSU,483.6497958291781,0.0
2005,MDE,17.01399171403384,0.0
2005,CAM,93.67766471927794,0.0
2005,LAM,324.8738528240801,0.0
2005,SAS,43.989070800257835,0.0
2005,SEA,46.61949839981618,0.0
2005,CHI,112.03259789581496,0.0
2005,MAF,40.87570049182089,0.0
2005,SSA,43.81512615451941,0.0
2005,SIS,16.497012932374474,0.0
2006,USA,5928.394192227888,0.0
2006,CAN,745.3554649219285,0.0
2006,WEU,2819.0231502184806,0.0
2006,JPK,147.74776322597305,0.0
2006,ANZ,95.84315346947663,0.0
2006,EEU,212.41964292270535,0.0
2006,FSU,476.5347563531644,0.0
2006,MDE,18.048595510726674,0.0
2006,CAM,95.35853223366,0.0
2006,LAM,334.4839237565079,0.0
2006,SAS,47.811504292665646,0.0
2006,SEA,48.60615785834687,0.0
2006,CHI,119.8827130779307,0.0
2006,MAF,42.50976619858037,0.0
2006,SSA,44.710518785418515,0.0
2006,SIS,16.79794135342229,0.0
2007,USA,5713.471140488831,0.0
2007,CAN,732.9510578808854,0.0
2007,WEU,2767.4412328767644,0.0
2007,JPK,142.98975910644901,0.0
2007,ANZ,96.14888912896738,0.0
2007,EEU,208.70879842615446,0.0
2007,FSU,484.15298318016596,0.0
2007,MDE,19.09469091958869,0.0
2007,CAM,95.30042560663968,0.0
2007,LAM,354.84098320277764,0.0
2007,SAS,50.846651168188444,0.0
2007,SEA,48.48252178681149,0.0
2007,CHI,121.73613699287178,0.0
2007,MAF,44.6000110628551,0.0
2007,SSA,47.41608112698315,0.0
2007,SIS,17.030287714136687,0.0
2008,USA,5441.26301960075,0.0
2008,CAN,701.6775116523827,0.0
2008,WEU,2617.3799788124584,0.0
2008,JPK,138.5307543611431,0.0
2008,ANZ,96.00585028020119,0.0
2008,EEU,195.90667165206952,0.0
2008,FSU,462.2556008049581,0.0
2008,MDE,20.382138097562084,0.0
2008,CAM,95.3298270082787,0.0
2008,LAM,352.12997831622874,0.0
2008,SAS,58.99382818586149,0.0
2008,SEA,49.89297476148817,0.0
2008,CHI,134.7448161603837,0.0
2008,MAF,46.80721274152732,0.0
2008,SSA,46.53888703917405,0.0
2008,SIS,18.23609701353555,0.0
2009,USA,5816.609155562644,0.0
2009,CAN,749.7717901901483,0.0
2009,WEU,2827.2662556153336,0.0
2009,JPK,154.85664520360604,0.0
2009,ANZ,97.35973370195204,0.0
2009,EEU,216.27265956545565,0.0
2009,FSU,545.6527029883086,0.0
2009,MDE,22.089058539388045,0.0
2009,CAM,103.0510626128849,0.0
2009,LAM,408.9365503188642,0.0
2009,SAS,59.564755355169986,0.0
2009,SEA,54.6277563453039,0.0
2009,CHI,143.67318075886533,0.0
2009,MAF,49.19965018789252,0.0
2009,SSA,49.968164978109954,0.0
2009,SIS,18.773475514000303,0.0
2010,USA,5379.486713204207,0.0
2010,CAN,715.0670753962196,0.0
2010,WEU,2534.276459575829,0.0
2010,JPK,147.70355636016268,0.0
2010,ANZ,96.54343546714423,0.0
2010,EEU,210.32678882892313,0.0
2010,FSU,511.34322085129907,0.0
2010,MDE,21.120519861840734,0.0
2010,CAM,96.93878819356668,0.0
2010,LAM,390.2816411026636,0.0
2010,SAS,61.70091566057834,0.0
2010,SEA,51.725279580545894,0.0
2010,CHI,155.4187525952705,0.0
2010,MAF,47.78618372685466,0.0
2010,SSA,49.877197737925634,0.0
2010,SIS,17.646034003574343,0.0
2011,USA,5278.325606075337,0.0
2011,CAN,705.7199949476767,0.0
2011,WEU,2530.749690474198,0.0
2011,JPK,155.97698522948403,0.0
2011,ANZ,96.39441208379878,0.0
2011,EEU,198.6908460765868,0.0
2011,FSU,519.7971953928746,0.0
2011,MDE,21.770896373900523,0.0
2011,CAM,99.05492043160525,0.0
2011,LAM,416.85386813462543,0.0
2011,SAS,67.97163899755029,0.0
2011,SEA,55.62764073975403,0.0
2011,CHI,162.70590488529052,0.0
2011,MAF,59.01586713769052,0.0
2011,SSA,50.90235313841531,0.0
2011,SIS,18.309237028835927,0.0
2012,USA,5321.329938264325,0.0
2012,CAN,720.66920110319,0.0
2012,WEU,2540.338116843048,0.0
2012,JPK,157.17368828764066,0.0
2012,ANZ,94.97651733811149,0.0
2012,EEU,197.47260063851112,0.0
2012,FSU,518.2474723029592,0.0
2012,MDE,23.09430783107748,0.0
2012,CAM,102.70143022840675,0.0
2012,LAM,438.3699950630355,0.0
2012,SAS,70.56522257740052,0.0
2012,SEA,56.85685560809592,0.0
2012,CHI,178.69106678669408,0.0
2012,MAF,46.80715380007759,0.0
2012,SSA,52.07797920750456,0.0
2012,SIS,19.156368770962413,0.0
2013,USA,5395.44092910611,0.0
2013,CAN,720.3828267961889,0.0
2013,WEU,2373.6258348062906,0.0
2013,JPK,153.6652107898141,0.0
2013,ANZ,94.67016133332261,0.0
2013,EEU,189.94932269920966,0.0
2013,FSU,514.2728684973727,0.0
2013,MDE,23.51435582304731,0.0
2013,CAM,103.63847128124348,0.0
2013,LAM,443.2779680484027,0.0
2013,SAS,74.9197076572171,0.0
2013,SEA,59.372871777994824,0.0
2013,CHI,180.94429131764798,0.0
2013,MAF,54.19434103993284,0.0
2013,SSA,52.85027957885122,0.0
2013,SIS,19.261040208916903,0.0
2014,USA,5226.972249634808,0.0
2014,CAN,700.802661215845,0.0
2014,WEU,2369.0060804364007,0.0
2014,JPK,152.7296535865567,0.0
2014,ANZ,96.32416971594229,0.0
2014,EEU,189.51037750801598,0.0
2014,FSU,505.2390375035497,0.0
2014,MDE,24.19755068845267,0.0
2014,CAM,101.60928321511777,0.0
2014,LAM,452.9026336648888,0.0
2014,SAS,78.04524539531924,0.0
2014,SEA,49.55783280100296,0.0
2014,CHI,180.87699710871001,0.0
2014,MAF,56.28890941802454,0.0
2014,SSA,52.792463152893276,0.0
2014,SIS,19.48706747573703,0.0
2015,USA,5241.893703599687,0.0
2015,CAN,704.5120280751557,0.0
2015,WEU,2398.5015765191724,0.0
2015,JPK,152.52599509977966,0.0
2015,ANZ,96.49531764939633,0.0
2015,EEU,193.99240850669364,0.0
2015,FSU,493.10980225265746,0.0
2015,MDE,24.501238477770993,0.0
2015,CAM,104.64977707689464,0.0
2015,LAM,452.167899245232,0.0
2015,SAS,82.10427354328175,0.0
2015,SEA,62.814084779767924,0.0
2015,CHI,179.82507334239105,0.0
2015,MAF,55.07230013697429,0.0
2015,SSA,55.78630040433021,0.0
2015,SIS,20.17281017557665,0.0
2016,USA,5094.307825138047,0.0
2016,CAN,654.806959488282,0.0
2016,WEU,2356.65550503957,0.0
2016,JPK,152.63284409833025,0.0
2016,ANZ,91.41196584859466,0.0
2016,EEU,244.06860467906193,0.0
2016,FSU,512.763545426161,0.0
2016,MDE,21.05239824886575,0.0
2016,CAM,136.5049228993469,0.0
2016,LAM,475.9514856969498,0.0
2016,SAS,113.26498869939773,0.0
2016,SEA,74.2658612749157,0.0
2016,CHI,199.12722855267577,0.0
2016,MAF,80.28072400520063,0.0
2016,SSA,66.52403073475861,0.0
2016,SIS,33.489799946797895,0.0
2017,USA,5181.320350541013,0.0
2017,CAN,671.5713219389311,0.0
2017,WEU,2403.321579908867,0.0
2017,JPK,153.95432147697386,0.0
2017,ANZ,93.46924648251155,0.0
2017,EEU,244.72548859352838,0.0
2017,FSU,518.9000850014415,0.0
2017,MDE,22.533283548583032,0.0
2017,CAM,138.0780602601231,0.0
2017,LAM,492.47730321052927,0.0
2017,SAS,113.80588862653173,0.0
2017,SEA,75.4060568143094,0.0
2017,CHI,202.11268699939762,0.0
2017,MAF,78.89541284315138,0.0
2017,SSA,70.35314471229012,0.0
2017,SIS,32.45505437835053,0.0
2018,USA,5246.759511954629,0.0
2018,CAN,669.7410082692165,0.0
2018,WEU,2440.1281005966325,0.0
2018,JPK,155.22522846139475,0.0
2018,ANZ,94.46940366491994,0.0
2018,EEU,250.9860761136283,0.0
2018,FSU,525.2340005403609,0.0
2018,MDE,22.969067309088395,0.0
2018,CAM,142.66873032776937,0.0
2018,LAM,509.3778629167597,0.0
2018,SAS,119.22699585246583,0.0
2018,SEA,77.64076295809298,0.0
2018,CHI,206.09045569626875,0.0
2018,MAF,81.69006949836317,0.0
2018,SSA,74.69948006974545,0.0
2018,SIS,33.74129109205383,0.0
2019,USA,5316.169789043429,0.0
2019,CAN,678.2723090290806,0.0
2019,WEU,2479.624169554221,0.0
2019,JPK,156.50241746437464,0.0
2019,ANZ,95.85883561920036,0.0
2019,EEU,255.4687125397051,0.0
2019,FSU,531.2455777026503,0.0
2019,MDE,23.617245960273415,0.0
2019,CAM,146.6526344426746,0.0
2019,LAM,526.1027210540786,0.0
2019,SAS,123.4338360781182,0.0
2019,SEA,79.56568816276709,0.0
2019,CHI,209.69531447517087,0.0
2019,MAF,83.53083294843557,0.0
2019,SSA,78.8568176513434,0.0
2019,SIS,34.53301237806102,0.0
2020,USA,5451.724588486439,0.0
2020,CAN,681.544846154989,0.0
2020,WEU,2505.7162758990285,0.0
2020,JPK,156.4786543112917,0.0
2020,ANZ,96.87030741886385,0.0
2020,EEU,258.8924548380906,0.0
2020,FSU,531.4908943518367,0.0
2020,MDE,23.770238631376852,0.0
2020,CAM,150.8971426118408,0.0
2020,LAM,542.8219932358996,0.0
2020,SAS,125.63379099495941,0.0
2020,SEA,80.839183844896,0.0
2020,CHI,209.7533256353428,0.0
2020,MAF,83.00015861592195,0.0
2020,SSA,83.79633075944358,0.0
2020,SIS,35.41549693395946,0.0
2021,USA,5588.985456750193,0.0
2021,CAN,687.4900206410955,0.0
2021,WEU,2539.3570856954466,0.0
2021,JPK,157.5314986621417,0.0
2021,ANZ,97.97090221832997,0.0
2021,EEU,265.3452007421949,0.0
2021,FSU,540.4865684519017,0.0
2021,MDE,24.092653894608834,0.0
2021,CAM,156.9352422197479,0.0
2021,LAM,565.3407521117389,0.0
2021,SAS,131.17209924527216,0.0
2021,SEA,83.53711363118728,0.0
2021,CHI,215.33294190092315,0.0
2021,MAF,84.08272594505215,0.0
2021,SSA,90.9909492966849,0.0
2021,SIS,36.667031922533425,0.0
2022,USA,5727.682280407563,0.0
2022,CAN,689.5178446847796,0.0
2022,WEU,2572.9264750937505,0.0
2022,JPK,158.5861132812611,0.0
2022,ANZ,99.01355213270054,0.0
2022,EEU,272.01969619522674,0.0
2022,FSU,549.4614622942398,0.0
2022,MDE,24.412199935580198,0.0
2022,CAM,162.8513766238742,0.0
2022,LAM,587.8498075700638,0.0
2022,SAS,136.76831779180785,0.0
2022,SEA,86.2595830875683,0.0
2022,CHI,220.88505033536237,0.0
2022,MAF,85.24703976282967,0.0
2022,SSA,98.17046686144006,0.0
2022,SIS,37.90986290569251,0.0
2023,USA,5867.006689257824,0.0
2023,CAN,694.2478675659321,0.0
2023,WEU,2606.455235516579,0.0
2023,JPK,159.63304307228856,0.0
2023,ANZ,100.08693907340127,0.0
2023,EEU,278.57085934734005,0.0
2023,FSU,558.3795768149492,0.0
2023,MDE,24.731392900443737,0.0
2023,CAM,168.70375433799998,0.0
2023,LAM,610.3346979484754,0.0
2023,SAS,142.30852991047666,0.0
2023,SEA,88.95897437717879,0.0
2023,CHI,226.37577065689106,0.0
2023,MAF,86.40618638509766,0.0
2023,SSA,105.33650076136396,0.0
2023,SIS,39.112650104833655,0.0
2024,USA,6006.136025807781,0.0
2024,CAN,696.7759789350744,0.0
2024,WEU,2640.1733551391326,0.0
2024,JPK,160.68200410821603,0.0
2024,ANZ,101.13923729070761,0.0
2024,EEU,285.15792425467714,0.0
2024,FSU,567.2836545208697,0.0
2024,MDE,25.003841670805304,0.0
2024,CAM,174.64215863253415,0.0
2024,LAM,632.8111280440381,0.0
2024,SAS,148.05434078297606,0.0
2024,SEA,91.71085438726269,0.0
2024,CHI,231.87672659710927,0.0
2024,MAF,87.68410206488525,0.0
2024,SSA,112.51637370279256,0.0
2024,SIS,40.358744337705986,0.0
2025,USA,6136.27327306315,0.0
2025,CAN,697.7685757918068,0.0
2025,WEU,2660.953897199988,0.0
2025,JPK,161.00659486625864,0.0
2025,ANZ,101.83595428466708,0.0
2025,EEU,289.17028729306895,0.0
2025,FSU,568.9552867173596,0.0
2025,MDE,24.99175047086013,0.0
2025,CAM,177.8163510414079,0.0
2025,LAM,647.1124847136291,0.0
2025,SAS,149.56940079363463,0.0
2025,SEA,92.76743792183966,0.0
2025,CHI,233.8103897135201,0.0
2025,MAF,87.16754244973224,0.0
2025,SSA,115.81168943728359,0.0
2025,SIS,40.90948803509233,0.0
2026,USA,6277.011067493732,0.0
2026,CAN,700.5632474586808,0.0
2026,WEU,2695.544671117146,0.0
2026,JPK,162.09235164009382,0.0
2026,ANZ,102.92435398564483,0.0
2026,EEU,295.45322158287564,0.0
2026,FSU,578.2085657064267,0.0
2026,MDE,25.300602970556064,0.0
2026,CAM,183.3346637897798,0.0
2026,LAM,669.8607813163427,0.0
2026,SAS,155.21047102869576,0.0
2026,SEA,95.51917313460166,0.0
2026,CHI,239.50638570462428,0.0
2026,MAF,88.3302426041251,0.0
2026,SSA,123.0475113189007,0.0
2026,SIS,41.98780531905153,0.0
2027,USA,6419.766441976669,0.0
2027,CAN,704.0649774455934,0.0
2027,WEU,2730.2808671224107,0.0
2027,JPK,163.18045448397245,0.0
2027,ANZ,104.02569821682626,0.0
2027,EEU,301.7043571204604,0.0
2027,FSU,587.3518677837945,0.0
2027,MDE,25.60407234924648,0.0
2027,CAM,188.66228228844625,0.0
2027,LAM,692.5071440958349,0.0
2027,SAS,160.79799418204658,0.0
2027,SEA,98.23000211963155,0.0
2027,CHI,245.1119392637987,0.0
2027,MAF,89.50617167128755,0.0
2027,SSA,130.21010570081893,0.0
2027,SIS,43.01102053022306,0.0
2028,USA,6562.9783253496735,0.0
2028,CAN,706.7697968606489,0.0
2028,WEU,2764.913962688286,0.0
2028,JPK,164.269687647426,0.0
2028,ANZ,105.12724622359461,0.0
2028,EEU,307.9884629239017,0.0
2028,FSU,596.4644973070456,0.0
2028,MDE,25.897835857931423,0.0
2028,CAM,194.01161061574942,0.0
2028,LAM,715.1198390464614,0.0
2028,SAS,166.44457040196122,0.0
2028,SEA,100.95333248968713,0.0
2028,CHI,250.68980049553562,0.0
2028,MAF,90.74287535925515,0.0
2028,SSA,137.38026618248426,0.0
2028,SIS,44.052136875875235,0.0
2029,USA,6707.168723421014,0.0
2029,CAN,709.5962499297892,0.0
2029,WEU,2799.7127119470156,0.0
2029,JPK,165.35910845406303,0.0
2029,ANZ,106.21571777313386,0.0
2029,EEU,314.1703408834589,0.0
2029,FSU,605.5024094865332,0.0
2029,MDE,26.19038835819932,0.0
2029,CAM,199.30535570340354,0.0
2029,LAM,737.6789146559626,0.0
2029,SAS,172.07733921967184,0.0
2029,SEA,103.66859469070071,0.0
2029,CHI,256.2303942179935,0.0
2029,MAF,91.97609850303829,0.0
2029,SSA,144.53493410115357,0.0
2029,SIS,45.07445536977514,0.0
2030,USA,6835.14963118989,0.0
2030,CAN,712.7116389213471,0.0
2030,WEU,2830.347116371195,0.0
2030,JPK,167.34806536626073,0.0
2030,ANZ,107.82576081823697,0.0
2030,EEU,319.3738160452903,0.0
2030,FSU,615.4821570825231,0.0
2030,MDE,26.67034001804023,0.0
2030,CAM,203.44626113553915,0.0
2030,LAM,757.0756910151416,0.0
2030,SAS,175.9348675605061,0.0
2030,SEA,106.34534632770651,0.0
2030,CHI,260.70988344410813,0.0
2030,MAF,93.11392923833226,0.0
2030,SSA,152.61595137827823,0.0
2030,SIS,45.36311852615541,0.0
2031,USA,6969.96220065444,0.0
2031,CAN,720.8750008316757,0.0
2031,WEU,2873.95851957183,0.0
2031,JPK,169.67307907584922,0.0
2031,ANZ,109.94205425986853,0.0
2031,EEU,326.1452202136994,0.0
2031,FSU,629.7926108349205,0.0
2031,MDE,27.434253602354058,0.0
2031,CAM,209.861786498845,0.0
2031,LAM,784.6149808855682,0.0
2031,SAS,183.93736712243268,0.0
2031,SEA,110.61389635593048,0.0
2031,CHI,266.18365400614766,0.0
2031,MAF,95.66641266350896,0.0
2031,SSA,165.7841565188548,0.0
2031,SIS,46.17465097698656,0.0
2032,USA,7104.08874323811,0.0
2032,CAN,728.787951344566,0.0
2032,WEU,2918.059611107045,0.0
2032,JPK,172.00799816852944,0.0
2032,ANZ,112.0803617719315,0.0
2032,EEU,332.8618582972154,0.0
2032,FSU,644.0556627385931,0.0
2032,MDE,28.155907145110515,0.0
2032,CAM,216.46274577713478,0.0
2032,LAM,812.0931805704262,0.0
2032,SAS,192.04987225905484,0.0
2032,SEA,114.90591201693537,0.0
2032,CHI,271.6519737456644,0.0
2032,MAF,98.27901206054645,0.0
2032,SSA,178.90504236257607,0.0
2032,SIS,47.049714510253196,0.0
2033,USA,7239.151272258246,0.0
2033,CAN,736.7413850785136,0.0
2033,WEU,2962.161221213597,0.0
2033,JPK,174.3524739477019,0.0
2033,ANZ,114.22380894678089,0.0
2033,EEU,339.5465357840631,0.0
2033,FSU,658.278696850063,0.0
2033,MDE,28.88308234860639,0.0
2033,CAM,223.00822892180605,0.0
2033,LAM,839.490796033739,0.0
2033,SAS,200.13310167604294,0.0
2033,SEA,119.18615241974355,0.0
2033,CHI,277.0896939512939,0.0
2033,MAF,100.88597215354154,0.0
2033,SSA,192.0209518618729,0.0
2033,SIS,47.92286487275154,0.0
2034,USA,7375.078119633201,0.0
2034,CAN,744.5986648005902,0.0
2034,WEU,3006.478840029628,0.0
2034,JPK,176.70735393886173,0.0
2034,ANZ,116.38494621468679,0.0
2034,EEU,346.1264629776828,0.0
2034,FSU,672.4393395694128,0.0
2034,MDE,29.604664963520477,0.0
2034,CAM,229.51391858465058,0.0
2034,LAM,866.821207841828,0.0
2034,SAS,208.2210455452252,0.0
2034,SEA,123.45319498203831,0.0
2034,CHI,282.499958535804,0.0
2034,MAF,103.48970635153877,0.0
2034,SSA,205.12148368182758,0.0
2034,SIS,48.79183692427504,0.0
2035,USA,7515.930330346147,0.0
2035,CAN,750.0615424434424,0.0
2035,WEU,3042.727642589636,0.0
2035,JPK,179.21528875809085,0.0
2035,ANZ,118.27897167020116,0.0
2035,EEU,352.4846713954033,0.0
2035,FSU,687.5409166160448,0.0
2035,MDE,30.193485959904354,0.0
2035,CAM,234.54751788940092,0.0
2035,LAM,889.809384050436,0.0
2035,SAS,213.2639688554249,0.0
2035,SEA,126.69660697740694,0.0
2035,CHI,289.0641653352797,0.0
2035,MAF,105.24031015149326,0.0
2035,SSA,212.77938615139672,0.0
2035,SIS,49.289231972297806,0.0
2036,USA,7652.825919520367,0.0
2036,CAN,757.8704924630624,0.0
2036,WEU,3086.8761200457557,0.0
2036,JPK,181.58366320001565,0.0
2036,ANZ,120.4894731797034,0.0
2036,EEU,359.24591107576305,0.0
2036,FSU,701.6571465753934,0.0
2036,MDE,30.932712751024084,0.0
2036,CAM,240.97391033848055,0.0
2036,LAM,917.2752050088608,0.0
2036,SAS,221.4312336692606,0.0
2036,SEA,130.99074537205476,0.0
2036,CHI,294.4097767793696,0.0
2036,MAF,107.88699955693365,0.0
2036,SSA,226.21789582515396,0.0
2036,SIS,50.15711270059066,0.0
2037,USA,7791.451753777902,0.0
2037,CAN,765.2655211756335,0.0
2037,WEU,3131.276463240294,0.0
2037,JPK,183.9560784378563,0.0
2037,ANZ,122.66528779511826,0.0
2037,EEU,365.9561114573587,0.0
2037,FSU,715.754165098287,0.0
2037,MDE,31.680002966636746,0.0
2037,CAM,247.27192568201195,0.0
2037,LAM,944.6603862221481,0.0
2037,SAS,229.5325342439204,0.0
2037,SEA,135.26897771437496,0.0
2037,CHI,299.77372719969617,0.0
2037,MAF,110.50671055461078,0.0
2037,SSA,239.56235562841243,0.0
2037,SIS,50.99417494665501,0.0
2038,USA,7930.682649415479,0.0
2038,CAN,772.5537528130649,0.0
2038,WEU,3175.9117428996065,0.0
2038,JPK,186.3427185388489,0.0
2038,ANZ,124.86610838252007,0.0
2038,EEU,372.5562259104021,0.0
2038,FSU,729.8132858937272,0.0
2038,MDE,32.42216863209825,0.0
2038,CAM,253.5951400586308,0.0
2038,LAM,971.9813516235115,0.0
2038,SAS,237.629220289725,0.0
2038,SEA,139.54255932680587,0.0
2038,CHI,305.12873901238413,0.0
2038,MAF,113.1170043322977,0.0
2038,SSA,252.86628257297195,0.0
2038,SIS,51.84450322185635,0.0
2039,USA,8069.070639699823,0.0
2039,CAN,779.7979688797822,0.0
2039,WEU,3220.652595275988,0.0
2039,JPK,188.74258613099053,0.0
2039,ANZ,127.09010111595201,0.0
2039,EEU,379.16745253352184,0.0
2039,FSU,743.866390977534,0.0
2039,MDE,33.13342968212565,0.0
2039,CAM,260.13733030873624,0.0
2039,LAM,999.2749343306783,0.0
2039,SAS,245.8304712808997,0.0
2039,SEA,143.84864537803782,0.0
2039,CHI,310.49577321210734,0.0
2039,MAF,115.79415651219222,0.0
2039,SSA,266.1582846101216,0.0
2039,SIS,52.767370393397705,0.0
2040,USA,8208.351709953817,0.0
2040,CAN,795.1684793193132,0.0
2040,WEU,3256.8897379453824,0.0
2040,JPK,191.07932378109206,0.0
2040,ANZ,131.55386249645076,0.0
2040,EEU,385.92228316810076,0.0
2040,FSU,763.1858095664968,0.0
2040,MDE,34.130983285257734,0.0
2040,CAM,265.9774068196733,0.0
2040,LAM,1018.0440492788451,0.0
2040,SAS,253.8189348808866,0.0
2040,SEA,148.46286762637283,0.0
2040,CHI,314.8843476510416,0.0
2040,MAF,119.62059498794136,0.0
2040,SSA,279.7951603656729,0.0
2040,SIS,53.627037298392985,0.0
2041,USA,8347.598897850807,0.0
2041,CAN,811.521131478864,0.0
2041,WEU,3299.0323615360835,0.0
2041,JPK,193.5062615754271,0.0
2041,ANZ,136.36349623602894,0.0
2041,EEU,392.73907600940834,0.0
2041,FSU,779.1919895097456,0.0
2041,MDE,35.1866184676755,0.0
2041,CAM,273.06051383358533,0.0
2041,LAM,1039.6022665742664,0.0
2041,SAS,264.2391098304286,0.0
2041,SEA,153.74700474838264,0.0
2041,CHI,317.7764136339326,0.0
2041,MAF,124.0660230602113,0.0
2041,SSA,299.7807496224647,0.0
2041,SIS,54.812018930894176,0.0
2042,USA,8488.07585999076,0.0
2042,CAN,827.9291600875464,0.0
2042,WEU,3341.428801351193,0.0
2042,JPK,195.94969421105174,0.0
2042,ANZ,141.22834092811004,0.0
2042,EEU,399.44152325925216,0.0
2042,FSU,795.1883063308907,0.0
2042,MDE,36.25584193910392,0.0
2042,CAM,280.0627601799267,0.0
2042,LAM,1061.0633257627137,0.0
2042,SAS,274.58915790620296,0.0
2042,SEA,159.00383213657156,0.0
2042,CHI,320.66819671960917,0.0
2042,MAF,128.4658916024112,0.0
2042,SSA,319.6871635453329,0.0
2042,SIS,55.979999923933924,0.0
2043,USA,8629.611745548487,0.0
2043,CAN,844.0709791027064,0.0
2043,WEU,3383.235385910745,0.0
2043,JPK,198.41140317592638,0.0
2043,ANZ,146.1325832691968,0.0
2043,EEU,406.40196153687157,0.0
2043,FSU,811.224084115156,0.0
2043,MDE,37.33208317979051,0.0
2043,CAM,287.02900289361264,0.0
2043,LAM,1082.4916876932173,0.0
2043,SAS,284.94018446605855,0.0
2043,SEA,164.2625345315899,0.0
2043,CHI,323.5604804700334,0.0
2043,MAF,132.90919976766986,0.0
2043,SSA,339.5947910138377,0.0
2043,SIS,57.16083653448049,0.0
2044,USA,8772.188537398308,0.0
2044,CAN,860.2817524980076,0.0
2044,WEU,3425.368628218869,0.0
2044,JPK,200.88011630665093,0.0
2044,ANZ,151.0352822832586,0.0
2044,EEU,413.22316740731816,0.0
2044,FSU,827.2273277062224,0.0
2044,MDE,38.40741277326355,0.0
2044,CAM,293.9515145264945,0.0
2044,LAM,1103.8547986871158,0.0
2044,SAS,295.28366859921397,0.0
2044,SEA,169.52170245234373,0.0
2044,CHI,326.46665099390435,0.0
2044,MAF,137.329214133125,0.0
2044,SSA,359.4692735060763,0.0
2044,SIS,58.33475814336444,0.0
2045,USA,8915.502258494678,0.0
2045,CAN,876.8824214362077,0.0
2045,WEU,3463.6493313911797,0.0
2045,JPK,203.361308593804,0.0
2045,ANZ,155.8764446307854,0.0
2045,EEU,419.5715488838827,0.0
2045,FSU,847.17891974673,0.0
2045,MDE,39.481158418356145,0.0
2045,CAM,299.7361703702768,0.0
2045,LAM,1123.787503286998,0.0
2045,SAS,303.88638734563693,0.0
2045,SEA,174.4042106607448,0.0
2045,CHI,331.293133009865,0.0
2045,MAF,141.31133319870221,0.0
2045,SSA,372.6130445311962,0.0
2045,SIS,59.25865294811653,0.0
2046,USA,9059.457392337059,0.0
2046,CAN,893.2946179141749,0.0
2046,WEU,3506.2223960800216,0.0
2046,JPK,205.86641602580096,0.0
2046,ANZ,160.8859596589794,0.0
2046,EEU,426.26097454328846,0.0
2046,FSU,863.0761557377152,0.0
2046,MDE,40.563768390057966,0.0
2046,CAM,306.6424024342864,0.0
2046,LAM,1145.0917976104615,0.0
2046,SAS,314.23631315541496,0.0
2046,SEA,179.66528797000635,0.0
2046,CHI,334.1599511740692,0.0
2046,MAF,145.6938693479226,0.0
2046,SSA,392.86394149451047,0.0
2046,SIS,60.428959175814704,0.0
2047,USA,9203.181372180155,0.0
2047,CAN,909.9785640865608,0.0
2047,WEU,3549.2959876104605,0.0
2047,JPK,208.39570460342455,0.0
2047,ANZ,165.95666872533866,0.0
2047,EEU,432.78713640097567,0.0
2047,FSU,878.9662887158415,0.0
2047,MDE,41.61894101688007,0.0
2047,CAM,313.65867557895484,0.0
2047,LAM,1166.3345906290892,0.0
2047,SAS,324.6441535737574,0.0
2047,SEA,184.9403068723406,0.0
2047,CHI,337.0348002986219,0.0
2047,MAF,150.099201124138,0.0
2047,SSA,413.00820475907756,0.0
2047,SIS,61.628801741988404,0.0
2048,USA,9347.644807622111,0.0
2048,CAN,926.7859267433629,0.0
2048,WEU,3592.6795784727346,0.0
2048,JPK,210.94533357455353,0.0
2048,ANZ,171.09108269738374,0.0
2048,EEU,439.1798551493567,0.0
2048,FSU,894.8267181071553,0.0
2048,MDE,42.681583897533486,0.0
2048,CAM,320.6696727256139,0.0
2048,LAM,1187.4958846947627,0.0
2048,SAS,335.0175910099895,0.0
2048,SEA,190.20839168404916,0.0
2048,CHI,339.9078036778642,0.0
2048,MAF,154.46692579600517,0.0
2048,SSA,433.08398294457777,0.0
2048,SIS,62.83008438107736,0.0
2049,USA,9493.226694377734,0.0
2049,CAN,943.8237199703985,0.0
2049,WEU,3636.2121440171154,0.0
2049,JPK,213.51869287588258,0.0
2049,ANZ,176.2818638858172,0.0
2049,EEU,445.48194617540145,0.0
2049,FSU,910.663719652702,0.0
2049,MDE,43.750696498611454,0.0
2049,CAM,327.6253334901926,0.0
2049,LAM,1208.601128953969,0.0
2049,SAS,345.3659444699133,0.0
2049,SEA,195.45875586791564,0.0
2049,CHI,342.7787422793995,0.0
2049,MAF,158.8159567777801,0.0
2049,SSA,453.09667961079924,0.0
2049,SIS,64.02547554821842,0.0
2050,USA,9644.315457529916,0.0
2050,CAN,966.459234197479,0.0
2050,WEU,3683.8279355022514,0.0
2050,JPK,216.0503767453096,0.0
2050,ANZ,183.0818764804945,0.0
2050,EEU,453.67904458352376,0.0
2050,FSU,928.3179471475833,0.0
2050,MDE,45.47040507373417,0.0
2050,CAM,333.75443617693213,0.0
2050,LAM,1224.6213461471125,0.0
2050,SAS,355.46652856178264,0.0
2050,SEA,200.797375019834,0.0
2050,CHI,347.24864208365267,0.0
2050,MAF,164.13043779747463,0.0
2050,SSA,475.00932584768003,0.0
2050,SIS,65.01746590838819,0.0
2051,USA,9806.247340363543,0.0
2051,CAN,989.1960105215128,0.0
2051,WEU,3737.6444131057924,0.0
2051,JPK,218.80093472310452,0.0
2051,ANZ,190.18333171459105,0.0
2051,EEU,462.5006126358771,0.0
2051,FSU,944.1170878845704,0.0
2051,MDE,47.222439693297616,0.0
2051,CAM,340.8379084558144,0.0
2051,LAM,1241.910419694121,0.0
2051,SAS,367.0669719921047,0.0
2051,SEA,206.43812223905073,0.0
2051,CHI,349.8585003805526,0.0
2051,MAF,169.87517274977867,0.0
2051,SSA,504.4437663191021,0.0
2051,SIS,66.2411986330768,0.0
2052,USA,9969.245059337203,0.0
2052,CAN,1012.12394938623,0.0
2052,WEU,3791.8630069807573,0.0
2052,JPK,221.56559504592218,0.0
2052,ANZ,197.32304284365824,0.0
2052,EEU,471.19246883335296,0.0
2052,FSU,959.8977208671741,0.0
2052,MDE,48.99208232232472,0.0
2052,CAM,347.8667995099904,0.0
2052,LAM,1259.1468946397881,0.0
2052,SAS,378.6170844158644,0.0
2052,SEA,212.07502165679088,0.0
2052,CHI,352.50143853467034,0.0
2052,MAF,175.5639249570264,0.0
2052,SSA,533.8014590517968,0.0
2052,SIS,67.4567869967919,0.0
2053,USA,10131.601321983015,0.0
2053,CAN,1035.453779333967,0.0
2053,WEU,3846.5279226590205,0.0
2053,JPK,224.3596898480089,0.0
2053,ANZ,204.55380907068738,0.0
2053,EEU,479.7408965334023,0.0
2053,FSU,975.6591321641663,0.0
2053,MDE,50.76500734585058,0.0
2053,CAM,355.06497091178204,0.0
2053,LAM,1276.3368045362488,0.0
2053,SAS,390.16642968186574,0.0
2053,SEA,217.72454974753157,0.0
2053,CHI,355.1542672732036,0.0
2053,MAF,181.23116681867546,0.0
2053,SSA,563.1159413201311,0.0
2053,SIS,68.72125407159675,0.0
2054,USA,10294.841396346133,0.0
2054,CAN,1059.0769936343672,0.0
2054,WEU,3901.6228281331582,0.0
2054,JPK,227.18339637069747,0.0
2054,ANZ,211.88997183247665,0.0
2054,EEU,488.1394966471272,0.0
2054,FSU,991.3826413217572,0.0
2054,MDE,52.51096791980586,0.0
2054,CAM,362.24127328544887,0.0
2054,LAM,1293.467665115202,0.0
2054,SAS,401.7766296186094,0.0
2054,SEA,223.37941177907774,0.0
2054,CHI,357.8040560379661,0.0
2054,MAF,186.92912254744186,0.0
2054,SSA,592.381174943345,0.0
2054,SIS,69.9836018983389,0.0
2055,USA,10443.643337629444,0.0
2055,CAN,1082.2127816670545,0.0
2055,WEU,3948.530093385879,0.0
2055,JPK,229.96509127420074,0.0
2055,ANZ,218.85847236589862,0.0
2055,EEU,494.97251514948783,0.0
2055,FSU,1006.1840542158662,0.0
2055,MDE,54.2021874320624,0.0
2055,CAM,368.6141237159929,0.0
2055,LAM,1309.702904730606,0.0
2055,SAS,412.21821397918615,0.0
2055,SEA,228.79879996236178,0.0
2055,CHI,361.4728587073222,0.0
2055,MAF,192.10468795650658,0.0
2055,SSA,613.9798053176847,0.0
2055,SIS,71.02293569632883,0.0
2056,USA,10609.486939974431,0.0
2056,CAN,1106.628171364979,0.0
2056,WEU,4004.5376421257065,0.0
2056,JPK,232.8484747887292,0.0
2056,ANZ,226.4060536347714,0.0
2056,EEU,503.10060577512746,0.0
2056,FSU,1021.8582171080843,0.0
2056,MDE,55.965233775431145,0.0
2056,CAM,375.68752943094097,0.0
2056,LAM,1326.7349357178823,0.0
2056,SAS,423.81199880448276,0.0
2056,SEA,234.44714400539578,0.0
2056,CHI,364.1285475518169,0.0
2056,MAF,197.7534221638932,0.0
2056,SSA,643.5849327989416,0.0
2056,SIS,72.26430167879566,0.0
2057,USA,10777.195040098239,0.0
2057,CAN,1131.620159521189,0.0
2057,WEU,4060.2982872916205,0.0
2057,JPK,235.7679500908816,0.0
2057,ANZ,234.09523197673607,0.0
2057,EEU,511.337828843938,0.0
2057,FSU,1037.5415940817384,0.0
2057,MDE,57.73755320997628,0.0
2057,CAM,382.62573192831815,0.0
2057,LAM,1343.7334780689312,0.0
2057,SAS,435.3859989261863,0.0
2057,SEA,240.07446526962784,0.0
2057,CHI,366.7806232565384,0.0
2057,MAF,203.42755430877466,0.0
2057,SSA,673.0826696069527,0.0
2057,SIS,73.48754407032287,0.0
2058,USA,10945.741722909623,0.0
2058,CAN,1156.7817216035676,0.0
2058,WEU,4116.414070032317,0.0
2058,JPK,238.71958405280773,0.0
2058,ANZ,241.84929028903744,0.0
2058,EEU,519.4866921208953,0.0
2058,FSU,1053.1988173560592,0.0
2058,MDE,59.521190796798145,0.0
2058,CAM,389.55172231975325,0.0
2058,LAM,1360.6857259875837,0.0
2058,SAS,446.9401917476649,0.0
2058,SEA,245.7007621021341,0.0
2058,CHI,369.44395840084286,0.0
2058,MAF,209.07561829488208,0.0
2058,SSA,702.4981488463362,0.0
2058,SIS,74.71914178212691,0.0
2059,USA,11115.549875913302,0.0
2059,CAN,1182.5287427346243,0.0
2059,WEU,4173.009361329854,0.0
2059,JPK,241.69507207368784,0.0
2059,ANZ,249.72849650534056,0.0
2059,EEU,527.4357287329819,0.0
2059,FSU,1068.8095765594512,0.0
2059,MDE,61.31531934212301,0.0
2059,CAM,396.4116658309451,0.0
2059,LAM,1377.577488248141,0.0
2059,SAS,458.4568978704496,0.0
2059,SEA,251.32038156979561,0.0
2059,CHI,372.1209508865064,0.0
2059,MAF,214.67495788023191,0.0
2059,SSA,731.8266113400967,0.0
2059,SIS,75.93844422905781,0.0
2060,USA,11178.165895792888,0.0
2060,CAN,1199.3789313176799,0.0
2060,WEU,4244.998328821296,0.0
2060,JPK,244.49296293782226,0.0
2060,ANZ,255.5532355061427,0.0
2060,EEU,536.7988197625535,0.0
2060,FSU,1059.0997439700539,0.0
2060,MDE,64.07463169232523,0.0
2060,CAM,402.4663262683211,0.0
2060,LAM,1391.1512118128558,0.0
2060,SAS,469.47338147627755,0.0
2060,SEA,256.76462789145984,0.0
2060,CHI,374.3537068864608,0.0
2060,MAF,218.47352255607842,0.0
2060,SSA,760.433952212303,0.0
2060,SIS,76.99571088072264,0.0
2061,USA,11261.06661973374,0.0
2061,CAN,1218.3184068466553,0.0
2061,WEU,4310.644457321118,0.0
2061,JPK,247.3934477768314,0.0
2061,ANZ,261.971581495167,0.0
2061,EEU,547.4008051816352,0.0
2061,FSU,1049.5538334565629,0.0
2061,MDE,66.91869523823893,0.0
2061,CAM,409.32711907183494,0.0
2061,LAM,1404.6450435586519,0.0
2061,SAS,481.2186522313985,0.0
2061,SEA,262.403422464556,0.0
2061,CHI,375.6978902802912,0.0
2061,MAF,222.68714035780275,0.0
2061,SSA,796.8128322108213,0.0
2061,SIS,78.25373547727644,0.0
2062,USA,11344.669071575152,0.0
2062,CAN,1237.9230044118194,0.0
2062,WEU,4377.009839335794,0.0
2062,JPK,250.33296449914187,0.0
2062,ANZ,268.52261366770773,0.0
2062,EEU,557.7191799397449,0.0
2062,FSU,1039.9610205274846,0.0
2062,MDE,69.741934952294,0.0
2062,CAM,416.1101585698481,0.0
2062,LAM,1418.0619464086246,0.0
2062,SAS,492.9949413466252,0.0
2062,SEA,268.04085130405093,0.0
2062,CHI,377.034705737261,0.0
2062,MAF,226.91687919965094,0.0
2062,SSA,833.0724197409974,0.0
2062,SIS,79.49506941645662,0.0
2063,USA,11429.025653793093,0.0
2063,CAN,1258.1919289145098,0.0
2063,WEU,4443.962317381619,0.0
2063,JPK,253.31306910353914,0.0
2063,ANZ,275.21789433506586,0.0
2063,EEU,567.8118149923032,0.0
2063,FSU,1030.3130364552721,0.0
2063,MDE,72.57120495235958,0.0
2063,CAM,422.8170901365103,0.0
2063,LAM,1431.4141257789777,0.0
2063,SAS,504.75348404855475,0.0
2063,SEA,273.65796826545903,0.0
2063,CHI,378.36452647821466,0.0
2063,MAF,231.12195521511975,0.0
2063,SSA,869.2269348322781,0.0
2063,SIS,80.72407512977564,0.0
2064,USA,11513.718352899396,0.0
2064,CAN,1279.1411358326532,0.0
2064,WEU,4510.746915650551,0.0
2064,JPK,256.3356801834556,0.0
2064,ANZ,282.06716243777277,0.0
2064,EEU,578.054993492769,0.0
2064,FSU,1020.6854290850616,0.0
2064,MDE,75.41756059224753,0.0
2064,CAM,429.4959644369656,0.0
2064,LAM,1444.751806078881,0.0
2064,SAS,516.500813525516,0.0
2064,SEA,279.2736849684392,0.0
2064,CHI,379.69798486041395,0.0
2064,MAF,235.3638850331877,0.0
2064,SSA,905.313979277961,0.0
2064,SIS,81.97056236640375,0.0
2065,USA,11583.23626456783,0.0
2065,CAN,1298.9204765554337,0.0
2065,WEU,4561.906256075163,0.0
2065,JPK,259.25669963813874,0.0
2065,ANZ,288.6062328278758,0.0
2065,EEU,587.044419975167,0.0
2065,FSU,1012.6138397048821,0.0
2065,MDE,78.25483277871788,0.0
2065,CAM,435.5601412538689,0.0
2065,LAM,1458.6967498673123,0.0
2065,SAS,528.0284511506154,0.0
2065,SEA,285.04452635520624,0.0
2065,CHI,381.8378475992882,0.0
2065,MAF,239.4959371417869,0.0
2065,SSA,934.3928359202173,0.0
2065,SIS,83.04941330397727,0.0
2066,USA,11669.648333942114,0.0
2066,CAN,1321.3256963752892,0.0
2066,WEU,4630.209205134619,0.0
2066,JPK,262.36709503526885,0.0
2066,ANZ,295.7734179739007,0.0
2066,EEU,596.9353359897548,0.0
2066,FSU,1002.8744505755546,0.0
2066,MDE,81.11572737914175,0.0
2066,CAM,442.12262033702655,0.0
2066,LAM,1471.9088163160836,0.0
2066,SAS,539.7540571705244,0.0
2066,SEA,290.6489426081095,0.0
2066,CHI,383.1834116035131,0.0
2066,MAF,243.71744848144212,0.0
2066,SSA,970.6434391563487,0.0
2066,SIS,84.27917007236555,0.0
2067,USA,11756.61460885224,0.0
2067,CAN,1344.6823215596746,0.0
2067,WEU,4699.197410419787,0.0
2067,JPK,265.5141563391112,0.0
2067,ANZ,303.0622823386926,0.0
2067,EEU,606.5510177994909,0.0
2067,FSU,993.0942738680909,0.0
2067,MDE,84.00159702864168,0.0
2067,CAM,448.61215465321794,0.0
2067,LAM,1485.0763143090346,0.0
2067,SAS,551.4260672486602,0.0
2067,SEA,296.24571779085,0.0
2067,CHI,384.5484050318445,0.0
2067,MAF,247.871925933724,0.0
2067,SSA,1006.7459958461187,0.0
2067,SIS,85.49693008074738,0.0
2068,USA,11842.519772616934,0.0
2068,CAN,1369.0971393597217,0.0
2068,WEU,4768.709613612668,0.0
2068,JPK,268.70825164278455,0.0
2068,ANZ,310.54011453606296,0.0
2068,EEU,616.0499994323591,0.0
2068,FSU,983.3009159881792,0.0
2068,MDE,86.85763016724543,0.0
2068,CAM,455.22381324526964,0.0
2068,LAM,1498.2138351172825,0.0
2068,SAS,563.1668958936742,0.0
2068,SEA,301.8675522065771,0.0
2068,CHI,385.9252577551508,0.0
2068,MAF,252.08076243792803,0.0
2068,SSA,1042.7371256168417,0.0
2068,SIS,86.75380044776534,0.0
2069,USA,11929.08482987407,0.0
2069,CAN,1394.6398002878202,0.0
2069,WEU,4838.909183121728,0.0
2069,JPK,271.95318583840367,0.0
2069,ANZ,318.20081873582797,0.0
2069,EEU,625.274962556995,0.0
2069,FSU,973.4604837041076,0.0
2069,MDE,89.71987811072017,0.0
2069,CAM,461.74496229948846,0.0
2069,LAM,1511.284959545184,0.0
2069,SAS,574.8818820936102,0.0
2069,SEA,307.4784497897671,0.0
2069,CHI,387.28914582821426,0.0
2069,MAF,256.25949367114396,0.0
2069,SSA,1078.6013276844437,0.0
2069,SIS,87.99558208244623,0.0
2070,USA,11989.311538619691,0.0
2070,CAN,1412.8744508311686,0.0
2070,WEU,4886.845482692725,0.0
2070,JPK,274.44105683905,0.0
2070,ANZ,323.15518577188936,0.0
2070,EEU,630.5464753292084,0.0
2070,FSU,956.3559026714815,0.0
2070,MDE,90.29385939359169,0.0
2070,CAM,466.24390448161375,0.0
2070,LAM,1516.7734152664057,0.0
2070,SAS,585.9131360642276,0.0
2070,SEA,312.28897949107727,0.0
2070,CHI,386.56640012760994,0.0
2070,MAF,258.7363718680159,0.0
2070,SSA,1109.1260645028335,0.0
2070,SIS,88.91176737152685,0.0
2071,USA,12066.814619302484,0.0
2071,CAN,1433.8547027653665,0.0
2071,WEU,4942.003544958862,0.0
2071,JPK,276.9995707790294,0.0
2071,ANZ,328.6427051621671,0.0
2071,EEU,636.3163557355033,0.0
2071,FSU,936.9364656355258,0.0
2071,MDE,90.89072606011459,0.0
2071,CAM,471.33337870068584,0.0
2071,LAM,1521.6311606817058,0.0
2071,SAS,596.7684099758873,0.0
2071,SEA,316.87181162290466,0.0
2071,CHI,385.0103628846194,0.0
2071,MAF,261.1579715448628,0.0
2071,SSA,1146.0414072805822,0.0
2071,SIS,89.99409198768411,0.0
2072,USA,12145.18303601265,0.0
2072,CAN,1455.9674945738718,0.0
2072,WEU,4996.988381829513,0.0
2072,JPK,279.60736930826795,0.0
2072,ANZ,334.3100192364502,0.0
2072,EEU,642.2219687576929,0.0
2072,FSU,917.5548897864134,0.0
2072,MDE,91.49878400338908,0.0
2072,CAM,476.27690230503333,0.0
2072,LAM,1526.4712814236536,0.0
2072,SAS,607.6097166537744,0.0
2072,SEA,321.44038563068113,0.0
2072,CHI,383.4544482931489,0.0
2072,MAF,263.620153008412,0.0
2072,SSA,1182.8047434649575,0.0
2072,SIS,91.06416404147461,0.0
2073,USA,12223.84606729849,0.0
2073,CAN,1479.4692464909308,0.0
2073,WEU,5052.638990828354,0.0
2073,JPK,282.2551155537544,0.0
2073,ANZ,340.10040289745103,0.0
2073,EEU,647.8705236982871,0.0
2073,FSU,898.1441538900443,0.0
2073,MDE,92.11689903746081,0.0
2073,CAM,481.1433305923317,0.0
2073,LAM,1531.261712130113,0.0
2073,SAS,618.4137449446881,0.0
2073,SEA,326.0040437381654,0.0
2073,CHI,381.9092411849695,0.0
2073,MAF,266.0410782616789,0.0
2073,SSA,1219.4159451612084,0.0
2073,SIS,92.12407386192812,0.0
2074,USA,12302.418252642305,0.0
2074,CAN,1504.5306499837868,0.0
2074,WEU,5108.765699859679,0.0
2074,JPK,284.9571580663685,0.0
2074,ANZ,346.08979610420283,0.0
2074,EEU,653.3589641523769,0.0
2074,FSU,878.7229182180955,0.0
2074,MDE,92.74552023912605,0.0
2074,CAM,485.96966275447323,0.0
2074,LAM,1536.0096625283452,0.0
2074,SAS,629.1823042136132,0.0
2074,SEA,330.5563595958481,0.0
2074,CHI,380.3550336683056,0.0
2074,MAF,268.4352789294676,0.0
2074,SSA,1255.8785586949175,0.0
2074,SIS,93.18365092152818,0.0
2075,USA,12361.546596910583,0.0
2075,CAN,1530.2117539787484,0.0
2075,WEU,5158.89201192576,0.0
2075,JPK,287.6772786915461,0.0
2075,ANZ,352.01273390548,0.0
2075,EEU,657.9408761906427,0.0
2075,FSU,860.1372328085529,0.0
2075,MDE,93.2914371581171,0.0
2075,CAM,490.09723498530394,0.0
2075,LAM,1540.9690680966366,0.0
2075,SAS,639.9868498013154,0.0
2075,SEA,335.25993759175566,0.0
2075,CHI,379.08586715501684,0.0
2075,MAF,270.7872232319346,0.0
2075,SSA,1286.3714593382929,0.0
2075,SIS,94.07154167895898,0.0
2076,USA,12439.400326760378,0.0
2076,CAN,1558.836639431625,0.0
2076,WEU,5216.5207965971795,0.0
2076,JPK,290.4881862812058,0.0
2076,ANZ,358.406817829796,0.0
2076,EEU,662.9956403324204,0.0
2076,FSU,840.6579186137908,0.0
2076,MDE,93.92602959591233,0.0
2076,CAM,494.9741568881263,0.0
2076,LAM,1545.6171937602915,0.0
2076,SAS,650.7281284090883,0.0
2076,SEA,339.8155526493544,0.0
2076,CHI,377.53908644740045,0.0
2076,MAF,273.1532538738735,0.0
2076,SSA,1322.794683269901,0.0
2076,SIS,95.16020752441308,0.0
2077,USA,12517.24267600997,0.0
2077,CAN,1589.4711144386679,0.0
2077,WEU,5275.001265759016,0.0
2077,JPK,293.363149967557,0.0
2077,ANZ,365.03734206713364,0.0
2077,EEU,667.7051448589831,0.0
2077,FSU,821.1587853185065,0.0
2077,MDE,94.53214930129825,0.0
2077,CAM,499.7546439506215,0.0
2077,LAM,1550.1900209059884,0.0
2077,SAS,661.4925729282518,0.0
2077,SEA,344.36313660208884,0.0
2077,CHI,375.9684084938792,0.0
2077,MAF,275.5277567621492,0.0
2077,SSA,1359.014638521972,0.0
2077,SIS,96.23031674147842,0.0
2078,USA,12595.166619458338,0.0
2078,CAN,1622.2633984797849,0.0
2078,WEU,5334.0210499320965,0.0
2078,JPK,296.29634056497054,0.0
2078,ANZ,371.8874065519354,0.0
2078,EEU,672.2248648601293,0.0
2078,FSU,801.6475646896505,0.0
2078,MDE,95.1402259488374,0.0
2078,CAM,504.433129765881,0.0
2078,LAM,1554.706159071421,0.0
2078,SAS,672.2393745858315,0.0
2078,SEA,348.89301381149113,0.0
2078,CHI,374.3913986646474,0.0
2078,MAF,277.89433620304624,0.0
2078,SSA,1395.0486274876541,0.0
2078,SIS,97.29039276131262,0.0
2079,USA,12673.157351778551,0.0
2079,CAN,1657.2181115786136,0.0
2079,WEU,5393.048134328403,0.0
2079,JPK,299.293450317949,0.0
2079,ANZ,378.9815180325247,0.0
2079,EEU,676.8251387113478,0.0
2079,FSU,782.1716249561474,0.0
2079,MDE,95.76125185744093,0.0
2079,CAM,508.9975456532023,0.0
2079,LAM,1559.1947578713014,0.0
2079,SAS,682.9618459627275,0.0
2079,SEA,353.41462457833205,0.0
2079,CHI,372.8050013088612,0.0
2079,MAF,280.2882217270529,0.0
2079,SSA,1430.919647133751,0.0
2079,SIS,98.3462331791498,0.0
2080,USA,12605.33307520734,0.0
2080,CAN,1679.981004711457,0.0
2080,WEU,5418.913980101491,0.0
2080,JPK,301.43443323563787,0.0
2080,ANZ,382.3597897800534,0.0
2080,EEU,675.1133739206899,0.0
2080,FSU,765.379714143808,0.0
2080,MDE,94.99838595799908,0.0
2080,CAM,510.18282726224544,0.0
2080,LAM,1554.0447911003575,0.0
2080,SAS,686.5966485776015,0.0
2080,SEA,355.33780702664563,0.0
2080,CHI,368.49755326687983,0.0
2080,MAF,281.7170816413885,0.0
2080,SSA,1443.4085865982483,0.0
2080,SIS,98.5741551282132,0.0
2081,USA,12551.239425447142,0.0
2081,CAN,1705.6725582723525,0.0
2081,WEU,5451.369376601979,0.0
2081,JPK,303.68093803793334,0.0
2081,ANZ,386.1342230225337,0.0
2081,EEU,673.974532717947,0.0
2081,FSU,748.3914657058763,0.0
2081,MDE,94.31945124005905,0.0
2081,CAM,511.92263921280016,0.0
2081,LAM,1548.265343204485,0.0
2081,SAS,689.9971824918024,0.0
2081,SEA,357.0567275986953,0.0
2081,CHI,363.75711673124425,0.0
2081,MAF,283.1802426685356,0.0
2081,SSA,1461.0215657260812,0.0
2081,SIS,98.97546708834292,0.0
2082,USA,12494.80057678287,0.0
2082,CAN,1733.8870044629757,0.0
2082,WEU,5484.385441932156,0.0
2082,JPK,305.99012829870645,0.0
2082,ANZ,390.0869046218707,0.0
2082,EEU,672.627489585236,0.0
2082,FSU,731.4009613085478,0.0
2082,MDE,93.6461284514301,0.0
2082,CAM,513.7186440797119,0.0
2082,LAM,1542.457053402191,0.0
2082,SAS,693.3627552283263,0.0
2082,SEA,358.77775070432006,0.0
2082,CHI,359.00673728140714,0.0
2082,MAF,284.6066351474068,0.0
2082,SSA,1478.4175027414415,0.0
2082,SIS,99.39804767185278,0.0
2083,USA,12437.18562939836,0.0
2083,CAN,1764.6885517040153,0.0
2083,WEU,5517.9695484182175,0.0
2083,JPK,308.36144524119044,0.0
2083,ANZ,394.2220646343999,0.0
2083,EEU,671.0579283253405,0.0
2083,FSU,714.3999439666768,0.0
2083,MDE,92.93699704438183,0.0
2083,CAM,515.412330613311,0.0
2083,LAM,1536.5993565831811,0.0
2083,SAS,696.765940034952,0.0
2083,SEA,360.4969813846576,0.0
2083,CHI,354.2279758937313,0.0
2083,MAF,286.0646366820606,0.0
2083,SSA,1495.6074119493774,0.0
2083,SIS,99.80660964064866,0.0
2084,USA,12377.809174166943,0.0
2084,CAN,1798.3670661864141,0.0
2084,WEU,5551.951836463564,0.0
2084,JPK,310.7971659161443,0.0
2084,ANZ,398.54514497868274,0.0
2084,EEU,669.360008269624,0.0
2084,FSU,697.398648839968,0.0
2084,MDE,92.22725511772899,0.0
2084,CAM,517.0670558384943,0.0
2084,LAM,1530.7002612897631,0.0
2084,SAS,700.1514982137892,0.0
2084,SEA,362.2055175120464,0.0
2084,CHI,349.43254177718273,0.0
2084,MAF,287.5150775453343,0.0
2084,SSA,1512.599121229003,0.0
2084,SIS,100.21468840194866,0.0
2085,USA,12303.928853610994,0.0
2085,CAN,1834.4432858227392,0.0
2085,WEU,5580.0428894306615,0.0
2085,JPK,313.2318218833769,0.0
2085,ANZ,402.78454029859256,0.0
2085,EEU,666.7880323446195,0.0
2085,FSU,680.2722441689067,0.0
2085,MDE,91.44763687926446,0.0
2085,CAM,518.0180588720849,0.0
2085,LAM,1525.6667670082106,0.0
2085,SAS,703.8518854858502,0.0
2085,SEA,364.06126560187505,0.0
2085,CHI,344.8559965839925,0.0
2085,MAF,288.79915408013403,0.0
2085,SSA,1525.3425038618375,0.0
2085,SIS,100.42519212088851,0.0
2086,USA,12241.854548114237,0.0
2086,CAN,1874.6598307235586,0.0
2086,WEU,5615.284885981863,0.0
2086,JPK,315.7946508960909,0.0
2086,ANZ,407.48336500603034,0.0
2086,EEU,664.7042672736458,0.0
2086,FSU,663.2632517513767,0.0
2086,MDE,90.7478995455126,0.0
2086,CAM,519.522449107078,0.0
2086,LAM,1519.6360696457305,0.0
2086,SAS,707.174999948438,0.0
2086,SEA,365.73938150247477,0.0
2086,CHI,340.03931815716544,0.0
2086,MAF,290.2069893118986,0.0
2086,SSA,1542.122433191187,0.0
2086,SIS,100.82121167285939,0.0
2087,USA,12178.132988743433,0.0
2087,CAN,1918.3669695362803,0.0
2087,WEU,5650.409044003419,0.0
2087,JPK,318.4215299760009,0.0
2087,ANZ,412.3399680316221,0.0
2087,EEU,662.7584066110247,0.0
2087,FSU,646.298116813059,0.0
2087,MDE,90.05642697923385,0.0
2087,CAM,520.9036259931545,0.0
2087,LAM,1513.6066459643814,0.0
2087,SAS,710.4826174684786,0.0
2087,SEA,367.4158218112674,0.0
2087,CHI,335.22281282693837,0.0
2087,MAF,291.6442350788456,0.0
2087,SSA,1558.689286116823,0.0
2087,SIS,101.21273303791176,0.0
2088,USA,12112.360994327057,0.0
2088,CAN,1966.0170250633385,0.0
2088,WEU,5686.152318536541,0.0
2088,JPK,321.1143760650967,0.0
2088,ANZ,417.3927518955708,0.0
2088,EEU,660.5325839344587,0.0
2088,FSU,629.3223246850772,0.0
2088,MDE,89.37145444017227,0.0
2088,CAM,522.2017063222722,0.0
2088,LAM,1507.5211127466962,0.0
2088,SAS,713.7435528646718,0.0
2088,SEA,369.07704944480224,0.0
2088,CHI,330.3898950941429,0.0
2088,MAF,293.0361411132163,0.0
2088,SSA,1575.0416856282038,0.0
2088,SIS,101.59338235062879,0.0
2089,USA,12043.270534904756,0.0
2089,CAN,2017.921983300002,0.0
2089,WEU,5722.5239588106515,0.0
2089,JPK,323.88031252979613,0.0
2089,ANZ,422.65913633952175,0.0
2089,EEU,658.0764620105881,0.0
2089,FSU,612.3532272676182,0.0
2089,MDE,88.69192809002132,0.0
2089,CAM,523.561186475141,0.0
2089,LAM,1501.401774528257,0.0
2089,SAS,716.9715589794305,0.0
2089,SEA,370.7387996663164,0.0
2089,CHI,325.5447414989358,0.0
2089,MAF,294.38905033160836,0.0
2089,SSA,1591.1857424891025,0.0
2089,SIS,101.99830269375175,0.0
2090,USA,11929.870303508576,0.0
2090,CAN,2070.22054843697,0.0
2090,WEU,5763.628179194047,0.0
2090,JPK,326.6058803615888,0.0
2090,ANZ,427.5424749846896,0.0
2090,EEU,652.1806556048267,0.0
2090,FSU,633.6977583225165,0.0
2090,MDE,88.22058597601084,0.0
2090,CAM,523.584565166916,0.0
2090,LAM,1495.6817688480307,0.0
2090,SAS,715.0478484324572,0.0
2090,SEA,371.6993351868034,0.0
2090,CHI,321.5222366217882,0.0
2090,MAF,295.97547371425145,0.0
2090,SSA,1593.1064007452717,0.0
2090,SIS,102.07787413814039,0.0
2091,USA,11827.188721174234,0.0
2091,CAN,2128.6480012208854,0.0
2091,WEU,5812.7813911925505,0.0
2091,JPK,329.4405627093033,0.0
2091,ANZ,432.9772028217258,0.0
2091,EEU,646.9295734372932,0.0
2091,FSU,654.9985509220267,0.0
2091,MDE,87.80953148356576,0.0
2091,CAM,524.0842734522358,0.0
2091,LAM,1488.9561513365002,0.0
2091,SAS,712.7223534090621,0.0
2091,SEA,372.5048102578077,0.0
2091,CHI,317.2869700901443,0.0
2091,MAF,297.6837138791939,0.0
2091,SSA,1598.1891657596905,0.0
2091,SIS,102.33198296477781,0.0
2092,USA,11722.412594563428,0.0
2092,CAN,2192.222031828079,0.0
2092,WEU,5862.58363853653,0.0
2092,JPK,332.3538257722889,0.0
2092,ANZ,438.62850620738624,0.0
2092,EEU,641.4757348913552,0.0
2092,FSU,676.2041394234941,0.0
2092,MDE,87.38546158310629,0.0
2092,CAM,524.4096923068581,0.0
2092,LAM,1482.1727168218736,0.0
2092,SAS,710.4021359758111,0.0
2092,SEA,373.28679067604554,0.0
2092,CHI,313.01827561700037,0.0
2092,MAF,299.4104063500292,0.0
2092,SSA,1603.0324514801225,0.0
2092,SIS,102.56211916121555,0.0
2093,USA,11614.461026619454,0.0
2093,CAN,2261.2966420234143,0.0
2093,WEU,5912.480125396208,0.0
2093,JPK,335.34430384261407,0.0
2093,ANZ,444.50657666960217,0.0
2093,EEU,636.1408989029197,0.0
2093,FSU,697.357587907258,0.0
2093,MDE,86.96351982011336,0.0
2093,CAM,524.6931201742383,0.0
2093,LAM,1475.372129163641,0.0
2093,SAS,708.0810412445107,0.0
2093,SEA,374.0647073948434,0.0
2093,CHI,308.74091081699476,0.0
2093,MAF,301.1768290520394,0.0
2093,SSA,1607.6875326400216,0.0
2093,SIS,102.79762490629066,0.0
2094,USA,11503.906292792484,0.0
2094,CAN,2336.1474122665213,0.0
2094,WEU,5962.929852155541,0.0
2094,JPK,338.4083111848008,0.0
2094,ANZ,450.56694382028223,0.0
2094,EEU,630.6767557139725,0.0
2094,FSU,718.4176227795313,0.0
2094,MDE,86.54806961118439,0.0
2094,CAM,524.8334803841691,0.0
2094,LAM,1468.5191661957542,0.0
2094,SAS,705.7333836003492,0.0
2094,SEA,374.8308222912286,0.0
2094,CHI,304.44720818947815,0.0
2094,MAF,302.9130484609301,0.0
2094,SSA,1612.1388228122496,0.0
2094,SIS,103.01971378275282,0.0
2095,USA,11376.75462578257,0.0
2095,CAN,2415.9751681774,0.0
2095,WEU,6005.580437054852,0.0
2095,JPK,341.391663695927,0.0
2095,ANZ,456.47590310389694,0.0
2095,EEU,624.2953331768333,0.0
2095,FSU,739.9195023064664,0.0
2095,MDE,86.11569303752074,0.0
2095,CAM,524.6083090066893,0.0
2095,LAM,1462.8681332055496,0.0
2095,SAS,703.913051280661,0.0
2095,SEA,375.82766563015275,0.0
2095,CHI,300.4402319929999,0.0
2095,MAF,304.6788145025142,0.0
2095,SSA,1614.3383993363323,0.0
2095,SIS,103.06941653618047,0.0
2096,USA,11260.112242721785,0.0
2096,CAN,2504.2308507366097,0.0
2096,WEU,6057.617938045458,0.0
2096,JPK,344.6073215107612,0.0
2096,ANZ,463.0229755551844,0.0
2096,EEU,618.4916358822534,0.0
2096,FSU,760.7897436824804,0.0
2096,MDE,85.70670852156628,0.0
2096,CAM,524.6066665859297,0.0
2096,LAM,1455.8940959652057,0.0
2096,SAS,701.5092532109022,0.0
2096,SEA,376.5753864459935,0.0
2096,CHI,296.14071742386164,0.0
2096,MAF,306.3588965791722,0.0
2096,SSA,1618.4742325355487,0.0
2096,SIS,103.28065267215439,0.0
2097,USA,11139.016470065922,0.0
2097,CAN,2599.8190838000924,0.0
2097,WEU,6110.600137292073,0.0
2097,JPK,347.91420897844245,0.0
2097,ANZ,469.81520016774516,0.0
2097,EEU,612.4094687407593,0.0
2097,FSU,781.5401180235567,0.0
2097,MDE,85.30122824412392,0.0
2097,CAM,524.6543495610745,0.0
2097,LAM,1448.8791649921893,0.0
2097,SAS,699.0799878958767,0.0
2097,SEA,377.31682415728494,0.0
2097,CHI,291.82021685660436,0.0
2097,MAF,307.985160154277,0.0
2097,SSA,1622.391712044179,0.0
2097,SIS,103.50538587758469,0.0
2098,USA,11014.553743242794,0.0
2098,CAN,2703.421624327088,0.0
2098,WEU,6164.111662995444,0.0
2098,JPK,351.3000260536596,0.0
2098,ANZ,476.8678963407779,0.0
2098,EEU,606.2110152890783,0.0
2098,FSU,802.1795497928173,0.0
2098,MDE,84.88255614283139,0.0
2098,CAM,524.5769763698833,0.0
2098,LAM,1441.8173121083885,0.0
2098,SAS,696.6572781254185,0.0
2098,SEA,378.04995237273516,0.0
2098,CHI,287.4832234852944,0.0
2098,MAF,309.65207586775284,0.0
2098,SSA,1626.0988146350528,0.0
2098,SIS,103.7180378962826,0.0
2099,USA,10886.689894527513,0.0
2099,CAN,2815.625748803996,0.0
2099,WEU,6218.347567900098,0.0
2099,JPK,354.77398591519733,0.0
2099,ANZ,484.18755099555756,0.0
2099,EEU,599.7899441613623,0.0
2099,FSU,822.6891651561111,0.0
2099,MDE,84.47057351927364,0.0
2099,CAM,524.3648528791484,0.0
2099,LAM,1434.6819120023779,0.0
2099,SAS,694.1990461810311,0.0
2099,SEA,378.75197623313056,0.0
2099,CHI,283.11473749425545,0.0
2099,MAF,311.271316888877,0.0
2099,SSA,1629.586384447672,0.0
2099,SIS,103.91482309515445,0.0
2100,USA,10784.702894960268,0.0
2100,CAN,2939.6830716474374,0.0
2100,WEU,6272.4036083899255,0.0
2100,JPK,358.3216972093285,0.0
2100,ANZ,492.04792741543525,0.0
2100,EEU,594.2090459792478,0.0
2100,FSU,836.3863406177192,0.0
2100,MDE,84.94829221004426,0.0
2100,CAM,523.8013129381136,0.0
2100,LAM,1427.477906204041,0.0
2100,SAS,691.8490339371972,0.0
2100,SEA,379.2017506981511,0.0
2100,CHI,279.1783600293806,0.0
2100,MAF,312.66739635463074,0.0
2100,SSA,1631.945924259211,0.0
2100,SIS,104.17146201424548,0.0
