time,regions,loss
1950,USA,
1950,CAN,
1950,WEU,
1950,JPK,
1950,ANZ,
1950,EEU,
1950,FSU,
1950,MDE,
1950,CAM,
1950,LAM,
1950,SAS,
1950,SEA,
1950,CHI,
1950,MAF,
1950,SSA,
1950,SIS,
1951,USA,-6.208518867560564e8
1951,CAN,-1.7112492851733866e8
1951,WEU,-3.924148823498638e9
1951,JPK,-1.8184446456184816e9
1951,ANZ,-2.5774185612929523e8
1951,EEU,-3.529103193656118e8
1951,FSU,1.4455662800058696e9
1951,MDE,-7.479588131596651e8
1951,CAM,-1.8506215513498676e8
1951,LAM,-9.721445919716547e7
1951,SAS,-1.4909762956131e7
1951,SEA,4.8083969002005863e8
1951,CHI,1.275585670007754e8
1951,MAF,8.377702194526037e8
1951,SSA,1.0235713552809877e9
1951,SIS,5.815389699610207e6
1952,USA,-6.406331159126841e8
1952,CAN,-1.788717994753726e8
1952,WEU,-4.0278413492813387e9
1952,JPK,-1.9505976838615055e9
1952,ANZ,-2.6553599614603657e8
1952,EEU,-3.7303374681478804e8
1952,FSU,1.4502281646892464e9
1952,MDE,-8.028562086479136e8
1952,CAM,-2.039347284357656e8
1952,LAM,-1.2307921606887431e8
1952,SAS,-1.1677336738010103e8
1952,SEA,4.474552191202186e8
1952,CHI,-1.8807488388378423e7
1952,MAF,8.374939913780462e8
1952,SSA,1.0783943146788356e9
1952,SIS,1.1734555298343538e6
1953,USA,-7.211158952432388e8
1953,CAN,-1.9391639156084844e8
1953,WEU,-4.249287382675542e9
1953,JPK,-2.105275892612279e9
1953,ANZ,-2.8800683431232965e8
1953,EEU,-3.949050622482767e8
1953,FSU,1.4610962642481802e9
1953,MDE,-8.587382657261009e8
1953,CAM,-2.236804028765293e8
1953,LAM,-1.4378662892050797e8
1953,SAS,-1.449049825405799e8
1953,SEA,4.310735175862084e8
1953,CHI,-1.043162153984809e8
1953,MAF,8.325873000692316e8
1953,SSA,1.110758100694865e9
1953,SIS,-1.5587798711491006e6
1954,USA,-7.918744664464831e8
1954,CAN,-2.0787870841977584e8
1954,WEU,-4.474223988235401e9
1954,JPK,-2.267182514204129e9
1954,ANZ,-3.0585280352251136e8
1954,EEU,-4.1781232795683306e8
1954,FSU,1.4725408869020336e9
1954,MDE,-9.183873373677158e8
1954,CAM,-2.4519206445769015e8
1954,LAM,-1.6723513678494477e8
1954,SAS,-1.5757821834516194e8
1954,SEA,4.116946676351256e8
1954,CHI,-1.8832620237652308e8
1954,MAF,8.290717185226297e8
1954,SSA,1.1452271285446987e9
1954,SIS,-4.652618387467673e6
1955,USA,-8.665956859514492e8
1955,CAN,-2.2277744543673873e8
1955,WEU,-4.708520732047905e9
1955,JPK,-2.438410790654377e9
1955,ANZ,-3.252976663947882e8
1955,EEU,-4.418224370513338e8
1955,FSU,1.4833062037063572e9
1955,MDE,-9.81949882178472e8
1955,CAM,-2.684885997346892e8
1955,LAM,-1.9308208243992937e8
1955,SAS,-1.7055647945614162e8
1955,SEA,3.902577383929191e8
1955,CHI,-2.7865655332227755e8
1955,MAF,8.26728418425492e8
1955,SSA,1.1818194398474195e9
1955,SIS,-8.082594982918176e6
1956,USA,-9.468795603563032e8
1956,CAN,-2.386549503154345e8
1956,WEU,-4.953868625713087e9
1956,JPK,-2.6197337332817893e9
1956,ANZ,-3.470625630847921e8
1956,EEU,-4.6700330232398e8
1956,FSU,1.4922165555537384e9
1956,MDE,-1.0495923408545249e9
1956,CAM,-2.935870527587286e8
1956,LAM,-2.213727691069956e8
1956,SAS,-1.83952212653257e8
1956,SEA,3.670315934931172e8
1956,CHI,-3.744092970332894e8
1956,MAF,8.252712709984776e8
1956,SSA,1.2205596230048912e9
1956,SIS,-1.1835106664872613e7
1957,USA,-1.0331222631946684e9
1957,CAN,-2.5549693290692794e8
1957,WEU,-5.210992663762401e9
1957,JPK,-2.8116530798936543e9
1957,ANZ,-3.728835272308765e8
1957,EEU,-4.934122775956423e8
1957,FSU,1.4984341861891692e9
1957,MDE,-1.1215146097223349e9
1957,CAM,-3.206814640299237e8
1957,LAM,-2.5223669281173915e8
1957,SAS,-1.9784657475913763e8
1957,SEA,3.4205749311062986e8
1957,CHI,-4.752861070848551e8
1957,MAF,8.244176421681798e8
1957,SSA,1.261570125421176e9
1957,SIS,-1.5881610242500225e7
1958,USA,-1.1215843410831184e9
1958,CAN,-2.731539950982632e8
1958,WEU,-5.476996190862258e9
1958,JPK,-3.0135826523793173e9
1958,ANZ,-4.001451394866325e8
1958,EEU,-5.2108159910898846e8
1958,FSU,1.5021034709400682e9
1958,MDE,-1.1980784946075983e9
1958,CAM,-3.4991298958960915e8
1958,LAM,-2.856557357548412e8
1958,SAS,-2.1225641692403224e8
1958,SEA,3.154182438327018e8
1958,CHI,-5.813686292447718e8
1958,MAF,8.24097340242819e8
1958,SSA,1.3054009781296096e9
1958,SIS,-2.0167062168127317e7
1959,USA,-1.2114513014545887e9
1959,CAN,-2.915990029613253e8
1959,WEU,-5.751337264089611e9
1959,JPK,-3.2257577515804014e9
1959,ANZ,-4.2188167215516984e8
1959,EEU,-5.500684880804842e8
1959,FSU,1.5036670287635663e9
1959,MDE,-1.2797639837834253e9
1959,CAM,-3.814492948054389e8
1959,LAM,-3.217058708410598e8
1959,SAS,-2.2718517796730226e8
1959,SEA,2.871453041811414e8
1959,CHI,-6.930911143130935e8
1959,MAF,8.242680083958074e8
1959,SSA,1.352680669638735e9
1959,SIS,-2.4620980484176546e7
1960,USA,-1.2970289519855008e9
1960,CAN,-3.1066343591880256e8
1960,WEU,-6.028945651069714e9
1960,JPK,-3.447100969994886e9
1960,ANZ,-4.426497393589691e8
1960,EEU,-5.804030334768648e8
1960,FSU,1.5045212574102218e9
1960,MDE,-1.3672936945773416e9
1960,CAM,-4.1544859001136684e8
1960,LAM,-3.602051698859923e8
1960,SAS,-2.425705252794399e8
1960,SEA,2.57405504610153e8
1960,CHI,-8.108859660388869e8
1960,MAF,8.251591821926042e8
1960,SSA,1.4044766988990185e9
1960,SIS,-2.9183591253865283e7
1961,USA,-1.3831721397064154e9
1961,CAN,-3.2905298025720334e8
1961,WEU,-6.335159090433758e9
1961,JPK,-3.68292215380224e9
1961,ANZ,-4.6379191282489544e8
1961,EEU,-6.100882330006119e8
1961,FSU,1.5139879034552364e9
1961,MDE,-1.4621865520476742e9
1961,CAM,-4.5307882900862396e8
1961,LAM,-4.011619995524632e8
1961,SAS,-2.602888571201316e8
1961,SEA,2.2167919227284753e8
1961,CHI,-9.503312227281282e8
1961,MAF,8.246743228019962e8
1961,SSA,1.452743309904289e9
1961,SIS,-3.3994756344176255e7
1962,USA,-1.4239434305368862e9
1962,CAN,-3.482426352006006e8
1962,WEU,-6.619699301194846e9
1962,JPK,-4.2081290040594206e9
1962,ANZ,-4.8431256929616195e8
1962,EEU,-6.410949255483924e8
1962,FSU,1.5204733479153712e9
1962,MDE,-1.577595166137139e9
1962,CAM,-4.8613241226248026e8
1962,LAM,-4.5127711462512475e8
1962,SAS,-2.866179535492131e8
1962,SEA,1.9716273214408746e8
1962,CHI,-2.2215520052329007e8
1962,MAF,1.6201031170656052e9
1962,SSA,1.5384427693085303e9
1962,SIS,-3.806817432178055e7
1963,USA,-1.6563081044995425e9
1963,CAN,-3.757730603950035e8
1963,WEU,-7.149977682661032e9
1963,JPK,-4.639149319049122e9
1963,ANZ,-5.033436227833955e8
1963,EEU,-6.732994884808553e8
1963,FSU,1.5241127271950126e9
1963,MDE,-1.708273741369911e9
1963,CAM,-5.209122815852243e8
1963,LAM,-4.824669726515179e8
1963,SAS,-3.071367782818999e8
1963,SEA,1.8887337480443406e8
1963,CHI,-6.971648688414466e7
1963,MAF,1.0624973200046382e9
1963,SSA,1.5450472236438303e9
1963,SIS,-4.5693587713969395e7
1964,USA,-1.798979270625916e9
1964,CAN,-3.9885615001178914e8
1964,WEU,-7.574787671917031e9
1964,JPK,-5.09781584765514e9
1964,ANZ,-5.348967913949021e8
1964,EEU,-7.070215487786717e8
1964,FSU,1.5230713070454156e9
1964,MDE,-1.847235669690948e9
1964,CAM,-5.731383820621731e8
1964,LAM,-4.6014686755300045e8
1964,SAS,-3.306022205486871e8
1964,SEA,1.8701176336983648e8
1964,CHI,-3.018841665783114e8
1964,MAF,9.380349884617176e8
1964,SSA,1.5696010806814792e9
1964,SIS,-5.148333551789287e7
1965,USA,-2.0112951084532163e9
1965,CAN,-4.2763542736583185e8
1965,WEU,-8.032512509014944e9
1965,JPK,-5.726119742133596e9
1965,ANZ,-5.71250589343456e8
1965,EEU,-7.422268301180847e8
1965,FSU,1.5169973967708404e9
1965,MDE,-1.9972356623178504e9
1965,CAM,-6.445556739101104e8
1965,LAM,-5.45847472385411e8
1965,SAS,-3.339029078180374e8
1965,SEA,1.789085261494639e8
1965,CHI,-6.933057758142968e8
1965,MAF,9.129720436428035e8
1965,SSA,1.6033823465211325e9
1965,SIS,-5.8024881497108534e7
1966,USA,-2.2387953923406696e9
1966,CAN,-4.5472731844475883e8
1966,WEU,-8.435670890790259e9
1966,JPK,-6.129849613555286e9
1966,ANZ,-6.050233094467065e8
1966,EEU,-7.791195269787468e8
1966,FSU,1.5050240098525336e9
1966,MDE,-2.190699711993876e9
1966,CAM,-7.023044115787554e8
1966,LAM,-5.930125285393039e8
1966,SAS,-3.794921891989824e8
1966,SEA,1.5931234093398723e8
1966,CHI,-1.0900900842371387e9
1966,MAF,9.201471213765599e8
1966,SSA,1.6469771237364638e9
1966,SIS,-6.129191796165134e7
1967,USA,-2.5045179386721845e9
1967,CAN,-4.8909778263747555e8
1967,WEU,-8.87374605766645e9
1967,JPK,-6.8171535067940035e9
1967,ANZ,-6.370562653392211e8
1967,EEU,-8.178072345884552e8
1967,FSU,1.4856772359909506e9
1967,MDE,-2.4014478680070066e9
1967,CAM,-7.585264744752893e8
1967,LAM,-6.220969324806538e8
1967,SAS,-3.963463196911009e8
1967,SEA,1.2976488151155196e8
1967,CHI,-1.2425613734167404e9
1967,MAF,9.840674484778116e8
1967,SSA,1.754337162396968e9
1967,SIS,-6.982224236784644e7
1968,USA,-2.5971399687642484e9
1968,CAN,-5.089579872361376e8
1968,WEU,-9.337568310947922e9
1968,JPK,-7.568599184388833e9
1968,ANZ,-6.701151400527215e8
1968,EEU,-8.583749687985601e8
1968,FSU,1.4607837835012834e9
1968,MDE,-2.6073902139562106e9
1968,CAM,-8.168162581574603e8
1968,LAM,-6.651527312860197e8
1968,SAS,-3.894549990964542e8
1968,SEA,1.1255369583686659e8
1968,CHI,-1.1386033598637779e9
1968,MAF,9.862305221374416e8
1968,SSA,1.9083524318292751e9
1968,SIS,-7.671483499281855e7
1969,USA,-2.825356947822805e9
1969,CAN,-5.410369966822822e8
1969,WEU,-9.857897841093481e9
1969,JPK,-8.489416835333712e9
1969,ANZ,-7.160318049318157e8
1969,EEU,-9.005399879157811e8
1969,FSU,1.4333478187255468e9
1969,MDE,-2.889990367668346e9
1969,CAM,-8.996232820716665e8
1969,LAM,-7.456648311235754e8
1969,SAS,-4.266008027412647e8
1969,SEA,3.1668678335124988e7
1969,CHI,-9.900390770038712e8
1969,MAF,9.889601999534303e8
1969,SSA,1.931845911634204e9
1969,SIS,-8.511749254864782e7
1970,USA,-2.959724026474503e9
1970,CAN,-5.741393823138757e8
1970,WEU,-1.0423038105445332e10
1970,JPK,-9.465638294568897e9
1970,ANZ,-7.682634835639414e8
1970,EEU,-9.44597283418929e8
1970,FSU,1.4040617091964643e9
1970,MDE,-3.196061823727152e9
1970,CAM,-9.518489400494157e8
1970,LAM,-8.282588180080119e8
1970,SAS,-4.4904424862924683e8
1970,SEA,-1.7549832150515422e7
1970,CHI,-1.3223920260478091e9
1970,MAF,9.793051882122928e8
1970,SSA,1.9242697217944753e9
1970,SIS,-9.517064471985328e7
1971,USA,-2.8780762783097134e9
1971,CAN,-5.953190339424092e8
1971,WEU,-1.097135020413428e10
1971,JPK,-9.705335070427858e9
1971,ANZ,-8.099361154838309e8
1971,EEU,-9.911852829401581e8
1971,FSU,1.375742840433888e9
1971,MDE,-3.6175510953328633e9
1971,CAM,-1.0279957468245633e9
1971,LAM,-9.036274170845674e8
1971,SAS,-4.9441808167312694e8
1971,SEA,-8.979394747105563e7
1971,CHI,-2.0167009511735122e9
1971,MAF,9.739414618343828e8
1971,SSA,1.9192604410208137e9
1971,SIS,-1.0783605384596896e8
1972,USA,-3.105928396448363e9
1972,CAN,-6.257044180746208e8
1972,WEU,-1.1413815618282303e10
1972,JPK,-1.033900852082581e10
1972,ANZ,-8.549253271319937e8
1972,EEU,-1.0401259692184714e9
1972,FSU,1.345571843816221e9
1972,MDE,-4.0562187580530143e9
1972,CAM,-1.0899170790363505e9
1972,LAM,-1.0028379648124588e9
1972,SAS,-5.777034226549499e8
1972,SEA,-1.5526186203706604e8
1972,CHI,-2.2765789203658075e9
1972,MAF,1.1859573478151922e9
1972,SSA,1.9503186547748158e9
1972,SIS,-1.203621881833513e8
1973,USA,-3.40858127457693e9
1973,CAN,-6.681639133506341e8
1973,WEU,-1.2104672625283958e10
1973,JPK,-1.1237234002766226e10
1973,ANZ,-9.026868077485317e8
1973,EEU,-1.0917020576844993e9
1973,FSU,1.3236508119106061e9
1973,MDE,-4.581895954501943e9
1973,CAM,-1.191554098990927e9
1973,LAM,-1.094729605421038e9
1973,SAS,-6.068887336322774e8
1973,SEA,-2.250479743789151e8
1973,CHI,-2.449898189038356e9
1973,MAF,9.766276697148252e8
1973,SSA,2.0726837339382977e9
1973,SIS,-1.3517272893956584e8
1974,USA,-3.712357203063687e9
1974,CAN,-7.152275699273059e8
1974,WEU,-1.2896577296704485e10
1974,JPK,-1.2198907937957165e10
1974,ANZ,-9.46800867319981e8
1974,EEU,-1.1462657751370919e9
1974,FSU,1.3008450418609204e9
1974,MDE,-5.037774168902794e9
1974,CAM,-1.2986269574450758e9
1974,LAM,-1.2268784670898123e9
1974,SAS,-6.2115472515893e8
1974,SEA,-3.381674802885939e8
1974,CHI,-2.7838998617199297e9
1974,MAF,1.0180997906903775e9
1974,SSA,2.1424468595360992e9
1974,SIS,-1.4546459948551604e8
1975,USA,-3.6379049266469216e9
1975,CAN,-7.461656033405011e8
1975,WEU,-1.3274720150505697e10
1975,JPK,-1.2361038350846767e10
1975,ANZ,-9.96499233993535e8
1975,EEU,-1.2042236950105755e9
1975,FSU,1.2723619686404314e9
1975,MDE,-5.498077850345306e9
1975,CAM,-1.39375048363002e9
1975,LAM,-1.3450907493436124e9
1975,SAS,-6.678904828547181e8
1975,SEA,-4.0711134286473614e8
1975,CHI,-2.907106551348322e9
1975,MAF,1.0222522046071532e9
1975,SSA,2.1564897492672815e9
1975,SIS,-1.554017416664375e8
1976,USA,-3.7178933670641384e9
1976,CAN,-7.725793044483759e8
1976,WEU,-1.3104646798921629e10
1976,JPK,-1.3090624193272537e10
1976,ANZ,-1.0305465067021585e9
1976,EEU,-1.2646555562231915e9
1976,FSU,1.2423201109760234e9
1976,MDE,-5.504335527723245e9
1976,CAM,-1.4875146604888713e9
1976,LAM,-1.4030443987766712e9
1976,SAS,-6.567721296323843e8
1976,SEA,-4.551840221716886e8
1976,CHI,-3.2757379764078836e9
1976,MAF,1.0131632382158086e9
1976,SSA,2.3667620048552303e9
1976,SIS,-1.72923086037245e8
1977,USA,-4.1158203465169744e9
1977,CAN,-8.230590630096081e8
1977,WEU,-1.4200149196671597e10
1977,JPK,-1.384670744900589e10
1977,ANZ,-1.0737177838391347e9
1977,EEU,-1.3273068636025612e9
1977,FSU,1.2123233027880397e9
1977,MDE,-6.401739303168014e9
1977,CAM,-1.582801494130258e9
1977,LAM,-1.5310130002264435e9
1977,SAS,-7.241360037798727e8
1977,SEA,-5.918963207945237e8
1977,CHI,-3.3186645227265882e9
1977,MAF,9.713332356860416e8
1977,SSA,2.3919158008171854e9
1977,SIS,-1.8832219119968462e8
1978,USA,-4.402013986205736e9
1978,CAN,-8.61320991225038e8
1978,WEU,-1.4711481709238205e10
1978,JPK,-1.466991654113349e10
1978,ANZ,-1.118438693734616e9
1978,EEU,-1.3934563901597703e9
1978,FSU,1.1795698199910367e9
1978,MDE,-6.682060631576263e9
1978,CAM,-1.6754873219890885e9
1978,LAM,-1.6411811894543135e9
1978,SAS,-7.604788192733693e8
1978,SEA,-7.172158125403947e8
1978,CHI,-3.735115415377183e9
1978,MAF,9.762656929778049e8
1978,SSA,2.540698268863342e9
1978,SIS,-2.054829038243417e8
1979,USA,-4.7248325838072605e9
1979,CAN,-9.005865343218684e8
1979,WEU,-1.530373118369129e10
1979,JPK,-1.560634360132888e10
1979,ANZ,-1.1520955629703028e9
1979,EEU,-1.4628798645068872e9
1979,FSU,1.1460711265912328e9
1979,MDE,-6.598171010979025e9
1979,CAM,-1.8346775978802025e9
1979,LAM,-1.6801090900217032e9
1979,SAS,-8.46057092438757e8
1979,SEA,-8.378934101566536e8
1979,CHI,-4.31670209004257e9
1979,MAF,9.674561076380144e8
1979,SSA,2.777083604038478e9
1979,SIS,-2.2308753998220766e8
1980,USA,-4.903941032852079e9
1980,CAN,-9.353056600454215e8
1980,WEU,-1.5988642800931618e10
1980,JPK,-1.6612960615518734e10
1980,ANZ,-1.2052622402970576e9
1980,EEU,-1.5360450900547242e9
1980,FSU,1.1101525446644506e9
1980,MDE,-6.88689715564552e9
1980,CAM,-2.005730339533288e9
1980,LAM,-1.8578139083926613e9
1980,SAS,-8.461371111414615e8
1980,SEA,-9.732736396288905e8
1980,CHI,-4.809524508458731e9
1980,MAF,9.800307338871115e8
1980,SSA,2.842496525342968e9
1980,SIS,-2.3750389497866434e8
1981,USA,-4.936914242536223e9
1981,CAN,-9.788598141208003e8
1981,WEU,-1.6449373926750837e10
1981,JPK,-1.7331195643939716e10
1981,ANZ,-1.2664791325804927e9
1981,EEU,-1.5920734887806196e9
1981,FSU,1.0282273744970251e9
1981,MDE,-6.826595918548753e9
1981,CAM,-2.1886037914406314e9
1981,LAM,-1.9970859383647091e9
1981,SAS,-9.41942822336338e8
1981,SEA,-1.1183342860149162e9
1981,CHI,-5.350503286983946e9
1981,MAF,1.0055663340687606e9
1981,SSA,2.980146137704484e9
1981,SIS,-2.4634261934745994e8
1982,USA,-5.176809900925588e9
1982,CAN,-1.0232533648672773e9
1982,WEU,-1.6688983962667479e10
1982,JPK,-1.8325738059456413e10
1982,ANZ,-1.3285941387711022e9
1982,EEU,-1.6537120363969657e9
1982,FSU,9.434613718181088e8
1982,MDE,-7.059211561672007e9
1982,CAM,-2.3738888673333235e9
1982,LAM,-1.0901585220369637e9
1982,SAS,-1.0354995581516535e9
1982,SEA,-1.2463108499400127e9
1982,CHI,-5.7954542629947605e9
1982,MAF,1.0420184389566884e9
1982,SSA,3.3128486692604055e9
1982,SIS,-2.6789279851599267e8
1983,USA,-4.1279600033762803e9
1983,CAN,-9.890027655799198e8
1983,WEU,-1.691199809526626e10
1983,JPK,-1.927472794980525e10
1983,ANZ,-1.362023162943755e9
1983,EEU,-1.7158046277565167e9
1983,FSU,8.56725889846464e8
1983,MDE,-7.297911928182656e9
1983,CAM,-1.0961639548536274e9
1983,LAM,-2.1770595024757366e9
1983,SAS,-1.1137618201318657e9
1983,SEA,-1.3387962360263612e9
1983,CHI,-6.427723632112995e9
1983,MAF,1.0434922840867702e9
1983,SSA,5.456324813256511e9
1983,SIS,-2.895523558323946e8
1984,USA,-5.503965855218493e9
1984,CAN,-1.0920577687755344e9
1984,WEU,-1.779029255523942e10
1984,JPK,-2.0344623248569675e10
1984,ANZ,-1.4203456940313976e9
1984,EEU,-1.7801837625640223e9
1984,FSU,7.698577539826909e8
1984,MDE,-7.503903051114705e9
1984,CAM,-2.468036890597363e9
1984,LAM,-2.1727575926149e9
1984,SAS,-1.252688644141956e9
1984,SEA,-1.4623828755636191e9
1984,CHI,-7.240967499674315e9
1984,MAF,1.081302183897457e9
1984,SSA,3.869217528017159e9
1984,SIS,-3.043820501710589e8
1985,USA,-5.986939213892144e9
1985,CAN,-1.1563897480227888e9
1985,WEU,-1.849127064379289e10
1985,JPK,-2.1559981868773163e10
1985,ANZ,-1.5039877955402684e9
1985,EEU,-1.847698265531119e9
1985,FSU,6.799239773572823e8
1985,MDE,-7.653253057154178e9
1985,CAM,-2.5814219183065877e9
1985,LAM,-2.248704557521995e9
1985,SAS,-1.3530237192147117e9
1985,SEA,-1.5759430582609982e9
1985,CHI,-8.403225878307085e9
1985,MAF,1.0893507851431475e9
1985,SSA,4.088565397131413e9
1985,SIS,-3.236862041555871e8
1986,USA,-6.264487589246199e9
1986,CAN,-1.2146576586587992e9
1986,WEU,-1.9223830220350758e10
1986,JPK,-2.2921838611961136e10
1986,ANZ,-1.5874028447328463e9
1986,EEU,-1.9202432178170958e9
1986,FSU,5.845360105085895e8
1986,MDE,-7.889799162249848e9
1986,CAM,-2.6953252580163484e9
1986,LAM,-2.349563423980692e9
1986,SAS,-1.4976121535233016e9
1986,SEA,-1.5113535422852283e9
1986,CHI,-9.529001462081738e9
1986,MAF,1.127265568428457e9
1986,SSA,4.404887651710694e9
1986,SIS,-3.329314645759035e8
1987,USA,-6.543889078777264e9
1987,CAN,-1.2631842897753797e9
1987,WEU,-2.000325820897729e10
1987,JPK,-2.418681735034129e10
1987,ANZ,-1.6803207252877316e9
1987,EEU,-1.9992319596643162e9
1987,FSU,4.927885903752145e8
1987,MDE,-8.154162105679853e9
1987,CAM,-2.7023049310874815e9
1987,LAM,-2.539589385065602e9
1987,SAS,-1.6383842713746407e9
1987,SEA,-1.7498957496344883e9
1987,CHI,-1.056384816471755e10
1987,MAF,1.1878394941110642e9
1987,SSA,4.706794930734957e9
1987,SIS,-3.4755047256375325e8
1988,USA,-6.828201146287231e9
1988,CAN,-1.3266244238026395e9
1988,WEU,-2.0867408871096386e10
1988,JPK,-2.576237718016544e10
1988,ANZ,-1.7632649951340983e9
1988,EEU,-2.0828384829720252e9
1988,FSU,3.935402049687777e8
1988,MDE,-8.575320603282883e9
1988,CAM,-2.8739821954534e9
1988,LAM,-2.6984257262632713e9
1988,SAS,-1.7741464810092824e9
1988,SEA,-1.9509030917919066e9
1988,CHI,-1.1928247137792253e10
1988,MAF,1.2694012822339334e9
1988,SSA,4.978257366637755e9
1988,SIS,-3.656058089027738e8
1989,USA,-7.150447617564204e9
1989,CAN,-1.3954719098281906e9
1989,WEU,-2.2000104649521362e10
1989,JPK,-2.7727374293927338e10
1989,ANZ,-1.874107513501764e9
1989,EEU,-2.175455434278031e9
1989,FSU,2.97945813024449e8
1989,MDE,-8.97501133568878e9
1989,CAM,-2.9845179671714535e9
1989,LAM,-2.7849204668691716e9
1989,SAS,-2.0651554846907861e9
1989,SEA,-2.22226188016427e9
1989,CHI,-1.3396211721085592e10
1989,MAF,1.3159031301361506e9
1989,SSA,5.2014111270775385e9
1989,SIS,-3.884334434214892e8
1990,USA,-7.417714755288094e9
1990,CAN,-1.4457302060484302e9
1990,WEU,-2.3054885150186428e10
1990,JPK,-2.947291159056639e10
1990,ANZ,-1.9647000137391942e9
1990,EEU,-2.2607954444809074e9
1990,FSU,2.0528313787893015e8
1990,MDE,-9.448896875582287e9
1990,CAM,-3.1764131158528867e9
1990,LAM,-2.940729283279092e9
1990,SAS,-2.270157219989766e9
1990,SEA,-2.529194732999984e9
1990,CHI,-1.432364786585974e10
1990,MAF,1.3646928306037645e9
1990,SSA,5.538863721041585e9
1990,SIS,-4.1191373171589965e8
1991,USA,-7.605593579348179e9
1991,CAN,-1.4884542152879577e9
1991,WEU,-2.401411739347214e10
1991,JPK,-3.1382608907065414e10
1991,ANZ,-2.0732946187488892e9
1991,EEU,-2.2870651864081235e9
1991,FSU,4.8099056732071954e8
1991,MDE,-1.071363718767414e10
1991,CAM,-3.395304793909497e9
1991,LAM,-3.02586610503981e9
1991,SAS,-2.489896392281837e9
1991,SEA,-2.819693066962114e9
1991,CHI,-1.528355458968432e10
1991,MAF,1.4393755978361127e9
1991,SSA,5.939726477101351e9
1991,SIS,-4.188147832532944e8
1992,USA,-7.587425236513336e9
1992,CAN,-1.5090089540416653e9
1992,WEU,-2.474009046744183e10
1992,JPK,-3.3162952818400726e10
1992,ANZ,-2.1381313720871544e9
1992,EEU,1.6571882835573915e8
1992,FSU,8.635681617611493e8
1992,MDE,-1.1492426538942764e10
1992,CAM,-3.6052818248123646e9
1992,LAM,-3.1636092982727833e9
1992,SAS,-2.5523393821654353e9
1992,SEA,-3.086221141188882e9
1992,CHI,-1.6870622305874722e10
1992,MAF,1.5710376366167998e9
1992,SSA,6.601993021404397e9
1992,SIS,-4.1885749573294e8
1993,USA,-7.88977657170101e9
1993,CAN,-1.547943983371451e9
1993,WEU,-2.515773787162955e10
1993,JPK,-3.441800445198074e10
1993,ANZ,-2.2003624598684926e9
1993,EEU,-2.2401075777640667e9
1993,FSU,1.667723125099042e9
1993,MDE,-1.2301199114533783e10
1993,CAM,-3.8190653430743093e9
1993,LAM,-3.2939529867425294e9
1993,SAS,-2.8498847985449185e9
1993,SEA,-3.377390014554184e9
1993,CHI,-1.912359437172828e10
1993,MAF,1.6374351690010922e9
1993,SSA,8.17409928848849e9
1993,SIS,-4.2773859198555833e8
1994,USA,-8.281164430704315e9
1994,CAN,-1.62704858622643e9
1994,WEU,-2.5542224075897034e10
1994,JPK,-3.5457634861063866e10
1994,ANZ,-2.345872897535861e9
1994,EEU,-2.3127801377940617e9
1994,FSU,2.340535959908422e9
1994,MDE,-1.3074640299624815e10
1994,CAM,-3.9911450920269547e9
1994,LAM,-3.4659258902073836e9
1994,SAS,-3.049511101168883e9
1994,SEA,-3.7099235522246814e9
1994,CHI,-2.15890610389392e10
1994,MAF,1.8166125495510354e9
1994,SSA,7.728330799079634e9
1994,SIS,-4.315061096399108e8
1995,USA,-8.64552657144828e9
1995,CAN,-1.7113077584777207e9
1995,WEU,-2.6713611662194714e10
1995,JPK,-3.6904166691939865e10
1995,ANZ,-2.474193570897132e9
1995,EEU,-2.427715628268473e9
1995,FSU,3.3279553049464192e9
1995,MDE,-1.3507108306596752e10
1995,CAM,-4.248453207549905e9
1995,LAM,-3.6571804444438014e9
1995,SAS,-3.345867383240445e9
1995,SEA,-4.0572877445230527e9
1995,CHI,-2.421061112328515e10
1995,MAF,1.8495957237567918e9
1995,SSA,8.309385832083294e9
1995,SIS,-4.464471811586124e8
1996,USA,-8.894360785352863e9
1996,CAN,-1.7824510369187813e9
1996,WEU,-2.7485201884433304e10
1996,JPK,-3.8749665795840485e10
1996,ANZ,-2.6056204226162114e9
1996,EEU,-2.5606104341762094e9
1996,FSU,3.8662491602924643e9
1996,MDE,-1.4357563598345667e10
1996,CAM,-3.9170533503062067e9
1996,LAM,-3.8183403036057096e9
1996,SAS,-3.690764568112021e9
1996,SEA,-4.449042612157614e9
1996,CHI,-2.6722970744787296e10
1996,MAF,1.9411125772503264e9
1996,SSA,8.729411355464025e9
1996,SIS,-4.773989541522955e8
1997,USA,-9.315053812706293e9
1997,CAN,-1.84686786993431e9
1997,WEU,-2.814324687536496e10
1997,JPK,-4.070542945155816e10
1997,ANZ,-2.7426978911131124e9
1997,EEU,-2.682336665593002e9
1997,FSU,4.310573779833547e9
1997,MDE,-1.533615054058899e10
1997,CAM,-4.514755615734496e9
1997,LAM,-3.96400412877644e9
1997,SAS,-4.0469221282436438e9
1997,SEA,-4.834315744841747e9
1997,CHI,-2.9291449224924084e10
1997,MAF,1.9887222380532696e9
1997,SSA,9.033528306044088e9
1997,SIS,-5.1438613329822826e8
1998,USA,-9.786391600342793e9
1998,CAN,-1.9371600973380983e9
1998,WEU,-2.9082660848397865e10
1998,JPK,-4.225871063375865e10
1998,ANZ,-2.8811843964690347e9
1998,EEU,-2.773990516208442e9
1998,FSU,4.466729712644054e9
1998,MDE,-1.6251806312273037e10
1998,CAM,-4.839422202251102e9
1998,LAM,-4.194427190875319e9
1998,SAS,-4.2467640973759313e9
1998,SEA,-5.031248583950577e9
1998,CHI,-3.1933573351838993e10
1998,MAF,2.114176924600522e9
1998,SSA,9.498805195266588e9
1998,SIS,-5.492353694995378e8
1999,USA,-8.594308708234781e9
1999,CAN,-1.7746831183717432e9
1999,WEU,-2.937109019008087e10
1999,JPK,-4.187648344544982e10
1999,ANZ,-2.3132017455510426e9
1999,EEU,-2.864470794640369e9
1999,FSU,4.908363033438862e9
1999,MDE,-1.711264101608656e10
1999,CAM,-5.136169194043397e9
1999,LAM,-4.270746511344457e9
1999,SAS,-4.602863024851071e9
1999,SEA,1.1861521183262463e10
1999,CHI,-3.428102870880317e10
1999,MAF,2.1623569754872828e9
1999,SSA,1.0122251527425064e10
1999,SIS,-5.796892554394748e8
2000,USA,-1.0772029045558004e10
2000,CAN,-2.1387039647773688e9
2000,WEU,-3.0906076239781445e10
2000,JPK,-4.441951030623252e10
2000,ANZ,-3.2140359620716267e9
2000,EEU,-2.930912063365891e9
2000,FSU,4.880735891079785e9
2000,MDE,-1.7498992530140427e10
2000,CAM,-5.3569636643053875e9
2000,LAM,-4.285254243148524e9
2000,SAS,-5.083851850086164e9
2000,SEA,-5.030547474269813e9
2000,CHI,-3.689018941377197e10
2000,MAF,2.262757026058289e9
2000,SSA,1.0727351853586292e10
2000,SIS,-6.208118021963097e8
2001,USA,-1.1600404025561853e10
2001,CAN,-2.2668500603070498e9
2001,WEU,-3.193613724684478e10
2001,JPK,-4.6703781430786835e10
2001,ANZ,-3.384458839514469e9
2001,EEU,-3.059846088052466e9
2001,FSU,4.859173667681062e9
2001,MDE,-1.910844434906736e10
2001,CAM,-5.683869350907593e9
2001,LAM,-4.681849961712156e9
2001,SAS,-5.333011175955054e9
2001,SEA,-5.359180471653041e9
2001,CHI,-3.983019743586797e10
2001,MAF,2.361611681993968e9
2001,SSA,1.1218395592722673e10
2001,SIS,-6.599633975698239e8
2002,USA,-1.195438477406617e10
2002,CAN,-2.343703601537942e9
2002,WEU,-3.251531760617148e10
2002,JPK,-4.818704703608858e10
2002,ANZ,-3.511510777790502e9
2002,EEU,-3.1590077892861013e9
2002,FSU,4.954453637196967e9
2002,MDE,-1.9364062369791145e10
2002,CAM,-5.788857863126309e9
2002,LAM,-4.834432302066735e9
2002,SAS,-5.663374835865327e9
2002,SEA,-5.513003943378094e9
2002,CHI,-4.2732067283671455e10
2002,MAF,2.527503159215132e9
2002,SSA,1.1634125281632204e10
2002,SIS,-6.863421580176508e8
2003,USA,-1.2247594194831696e10
2003,CAN,-2.4538202596884103e9
2003,WEU,-3.2988864145076023e10
2003,JPK,-4.98577279112872e10
2003,ANZ,-3.6940175935964108e9
2003,EEU,-3.2716995355152373e9
2003,FSU,5.236993867350986e9
2003,MDE,-1.992485620866716e10
2003,CAM,-5.933259395284431e9
2003,LAM,-4.894273380052355e9
2003,SAS,-5.940096418513184e9
2003,SEA,-5.864003479478619e9
2003,CHI,-4.599814670154058e10
2003,MAF,2.617144003264764e9
2003,SSA,1.1930102499891655e10
2003,SIS,-7.194189961833916e8
2004,USA,-1.2443821494071085e10
2004,CAN,-2.537542988003911e9
2004,WEU,-3.3369302771160767e10
2004,JPK,-5.151913859093014e10
2004,ANZ,-3.8610663766130385e9
2004,EEU,-3.3707965329811673e9
2004,FSU,5.451884219660619e9
2004,MDE,-2.0643125052053284e10
2004,CAM,-6.133257887652788e9
2004,LAM,-4.929899454832532e9
2004,SAS,-6.510638082897736e9
2004,SEA,-6.233134043112235e9
2004,CHI,-4.976264820979202e10
2004,MAF,2.652516633927586e9
2004,SSA,1.2405705655720778e10
2004,SIS,-7.52626555197073e8
2005,USA,-1.270527737434562e10
2005,CAN,-2.635263970975942e9
2005,WEU,-3.405434319426653e10
2005,JPK,-5.356762135248558e10
2005,ANZ,-4.0623052188921013e9
2005,EEU,-3.525819908525997e9
2005,FSU,5.630897123591415e9
2005,MDE,-2.2151174150206882e10
2005,CAM,-6.464969252375397e9
2005,LAM,-5.146943358322956e9
2005,SAS,-7.078902462289266e9
2005,SEA,-6.658183542610347e9
2005,CHI,-5.381214345877111e10
2005,MAF,2.7603328088033857e9
2005,SSA,1.263335699281703e10
2005,SIS,-7.889688856644328e8
2006,USA,-1.2974318629660519e10
2006,CAN,-2.741949951002552e9
2006,WEU,-3.4424526341976944e10
2006,JPK,-5.535989061656677e10
2006,ANZ,-4.268462045356224e9
2006,EEU,-3.639238009339296e9
2006,FSU,6.016833655560948e9
2006,MDE,-2.328913901185279e10
2006,CAM,-6.675792400200788e9
2006,LAM,-5.306408945169372e9
2006,SAS,-7.687797579183915e9
2006,SEA,-7.027391697640328e9
2006,CHI,-5.847362298113492e10
2006,MAF,2.85222581698941e9
2006,SSA,1.2928470348745817e10
2006,SIS,-8.418442927123721e8
2007,USA,-1.381051648237441e10
2007,CAN,-2.8518385104796567e9
2007,WEU,-3.506167766781662e10
2007,JPK,-5.7212793608024994e10
2007,ANZ,-4.447882380960147e9
2007,EEU,-3.7939955620465193e9
2007,FSU,6.412116650213511e9
2007,MDE,-2.475788544836431e10
2007,CAM,-7.030686754859905e9
2007,LAM,-5.487512191782824e9
2007,SAS,-8.330018727713302e9
2007,SEA,-7.4383833745851145e9
2007,CHI,-6.393893035021344e10
2007,MAF,2.987330093623949e9
2007,SSA,1.324597372920076e10
2007,SIS,-9.095608070940465e8
2008,USA,-1.4610785992368498e10
2008,CAN,-3.000024209242233e9
2008,WEU,-3.523698628178422e10
2008,JPK,-5.95876146082998e10
2008,ANZ,-4.659713896232854e9
2008,EEU,-3.9604920662327166e9
2008,FSU,6.668953693318068e9
2008,MDE,-2.649660695545967e10
2008,CAM,-7.292555511943273e9
2008,LAM,-5.776979167360344e9
2008,SAS,-8.974452141346333e9
2008,SEA,-7.902393630909916e9
2008,CHI,-7.09394186923187e10
2008,MAF,3.1680244066495676e9
2008,SSA,1.3586064438988913e10
2008,SIS,-9.659180460027438e8
2009,USA,-1.5677036813127838e10
2009,CAN,-3.1636292541963973e9
2009,WEU,-3.3893800355609978e10
2009,JPK,-6.151834160467876e10
2009,ANZ,-4.86071230498022e9
2009,EEU,-4.169598726507491e9
2009,FSU,6.189336613152678e9
2009,MDE,-2.862607586585361e10
2009,CAM,-7.533729661622003e9
2009,LAM,-6.141557309841289e9
2009,SAS,-9.215474081019508e9
2009,SEA,-8.171445262367245e9
2009,CHI,-7.62981661938074e10
2009,MAF,3.4683312436040154e9
2009,SSA,1.4212907088896862e10
2009,SIS,-1.009004056866079e9
2010,USA,3.927918079845703e10
2010,CAN,-3.1085010598267083e9
2010,WEU,8.110157465697293e10
2010,JPK,1.3042877760733714e11
2010,ANZ,-5.003269861932593e9
2010,EEU,-4.0641426024348073e9
2010,FSU,7.139628672403031e9
2010,MDE,-2.7884338674501358e10
2010,CAM,-6.546709970336849e9
2010,LAM,-5.703490541493793e9
2010,SAS,-9.987710892170519e9
2010,SEA,-8.228600929106861e9
2010,CHI,-8.138214436113893e10
2010,MAF,3.5609049385183907e9
2010,SSA,1.4938227458491604e10
2010,SIS,-1.0282950743469788e9
2011,USA,-1.424396329183033e10
2011,CAN,-3.1545864796164336e9
2011,WEU,-3.3989293431136482e10
2011,JPK,-6.2520101734502075e10
2011,ANZ,-5.158623977170238e9
2011,EEU,-4.113030427026013e9
2011,FSU,7.895171166193061e9
2011,MDE,-2.855806051705479e10
2011,CAM,-7.699507349766858e9
2011,LAM,-6.219314885363881e9
2011,SAS,-1.074200816018719e10
2011,SEA,-8.895432491017096e9
2011,CHI,-8.777329350332277e10
2011,MAF,4.170538997451887e9
2011,SSA,1.5316669946501795e10
2011,SIS,-1.0791909691891248e9
2012,USA,-1.3285484833894148e10
2012,CAN,-3.214813731202911e9
2012,WEU,-3.2906594309965485e10
2012,JPK,-6.3032937395120995e10
2012,ANZ,-5.300664097878982e9
2012,EEU,-4.181714658806375e9
2012,FSU,8.626542504845173e9
2012,MDE,-3.0089449036625362e10
2012,CAM,-7.956000702513846e9
2012,LAM,-6.3188352630037e9
2012,SAS,-1.1248847845049068e10
2012,SEA,-9.189725814820435e9
2012,CHI,-9.413753693382797e10
2012,MAF,8.083779597657715e9
2012,SSA,1.5864810205927113e10
2012,SIS,-1.1134343773399808e9
2013,USA,-1.276330996755113e10
2013,CAN,-3.245137906141859e9
2013,WEU,-3.2888228710548645e10
2013,JPK,-6.388790899317868e10
2013,ANZ,-5.494888844545926e9
2013,EEU,-4.170693153487462e9
2013,FSU,9.340016422796928e9
2013,MDE,-3.035655770053435e10
2013,CAM,-8.240991380824024e9
2013,LAM,-6.287127236178039e9
2013,SAS,-1.1871104640348795e10
2013,SEA,-9.67511677296937e9
2013,CHI,-9.981151993528058e10
2013,MAF,4.143613879694655e9
2013,SSA,1.6408868423303883e10
2013,SIS,-1.1457794915812576e9
2014,USA,-1.1855031082958397e10
2014,CAN,-3.2758453996175528e9
2014,WEU,-3.296359450319067e10
2014,JPK,-6.506622995104813e10
2014,ANZ,-5.657740904066162e9
2014,EEU,-4.165075692702707e9
2014,FSU,9.994056603891111e9
2014,MDE,-3.1070033548965195e10
2014,CAM,-8.3813472559994755e9
2014,LAM,-6.392744613170932e9
2014,SAS,-1.2588370066260426e10
2014,SEA,-1.0096009219507578e10
2014,CHI,-1.0587000143709038e11
2014,MAF,4.674188919973323e9
2014,SSA,1.6911650521714024e10
2014,SIS,-1.1859831747748294e9
2015,USA,-9.380184628638369e9
2015,CAN,-3.0981492870448914e9
2015,WEU,-3.2820053272484573e10
2015,JPK,-6.510748975767786e10
2015,ANZ,-5.162700577727452e9
2015,EEU,-4.189063589742583e9
2015,FSU,1.0875650062825676e10
2015,MDE,-3.1688749636179935e10
2015,CAM,-8.694549887140902e9
2015,LAM,-6.20986587042068e9
2015,SAS,-1.3403852963915718e10
2015,SEA,1.3477026649104792e10
2015,CHI,-1.1145916731860228e11
2015,MAF,4.661069614803855e9
2015,SSA,1.762721985331441e10
2015,SIS,-1.2207685779569252e9
2016,USA,-9.748127432111246e9
2016,CAN,-3.3467584635630097e9
2016,WEU,-3.347104491957711e10
2016,JPK,-6.645586733838249e10
2016,ANZ,-5.982485086463331e9
2016,EEU,-4.2115817071332636e9
2016,FSU,1.1816787119252558e10
2016,MDE,-3.2413407868037056e10
2016,CAM,-8.930667140981031e9
2016,LAM,-6.3146270822957945e9
2016,SAS,-1.4342912722591904e10
2016,SEA,-1.3077654345415924e10
2016,CHI,-1.1953808998326952e11
2016,MAF,4.550041342945042e9
2016,SSA,1.7799005564790462e10
2016,SIS,-1.2655567782154071e9
2017,USA,-8.63728137109532e9
2017,CAN,-3.378440586632212e9
2017,WEU,-3.3576507933132404e10
2017,JPK,-6.726175214937706e10
2017,ANZ,-6.156405209217556e9
2017,EEU,-4.2277569063095675e9
2017,FSU,1.2802184032987612e10
2017,MDE,-3.313686659021225e10
2017,CAM,-9.191984250914146e9
2017,LAM,-6.332274900698225e9
2017,SAS,-1.5243627945979984e10
2017,SEA,-1.3614478462930305e10
2017,CHI,-1.2750574725092787e11
2017,MAF,4.580569420672191e9
2017,SSA,1.795503322026118e10
2017,SIS,-1.3148659613096352e9
2018,USA,-7.485362816654938e9
2018,CAN,-3.4098503617142167e9
2018,WEU,-3.367776719148391e10
2018,JPK,-6.804565256333271e10
2018,ANZ,-6.330358567867087e9
2018,EEU,-4.2380305532561574e9
2018,FSU,1.3831186789651522e10
2018,MDE,-3.385528011069838e10
2018,CAM,-9.45031625623909e9
2018,LAM,-6.341337888267327e9
2018,SAS,-1.6135971187247602e10
2018,SEA,-1.4165773282185513e10
2018,CHI,-1.3543909647698419e11
2018,MAF,4.6158244620378475e9
2018,SSA,1.8158785551432095e10
2018,SIS,-1.3646378918248184e9
2019,USA,-6.292672622179851e9
2019,CAN,-3.4412888197530575e9
2019,WEU,-3.3773141226161713e10
2019,JPK,-6.880674257448915e10
2019,ANZ,-6.50446123853922e9
2019,EEU,-4.242048971835402e9
2019,FSU,1.4903180392627253e10
2019,MDE,-3.456809997301308e10
2019,CAM,-9.705323861909729e9
2019,LAM,-6.340170302243866e9
2019,SAS,-1.7020224862998156e10
2019,SEA,-1.4712028204242615e10
2019,CHI,-1.4334340010984158e11
2019,MAF,4.658546406929654e9
2019,SSA,1.8405360416155846e10
2019,SIS,-1.4123391594002004e9
2020,USA,-4.610766155800566e9
2020,CAN,-3.4483287107355742e9
2020,WEU,-3.4196668282048565e10
2020,JPK,-6.940671407307181e10
2020,ANZ,-6.649910978325037e9
2020,EEU,-4.214822415488169e9
2020,FSU,1.6125183580802582e10
2020,MDE,-3.4923571421942566e10
2020,CAM,-9.941120570384293e9
2020,LAM,-6.270943247445619e9
2020,SAS,-1.7903878689639557e10
2020,SEA,-1.5258850210872938e10
2020,CHI,-1.5101041238009564e11
2020,MAF,4.604330460700053e9
2020,SSA,1.8543348450067047e10
2020,SIS,-1.4567525026108408e9
2021,USA,-2.564374369731716e9
2021,CAN,-3.4160735122767296e9
2021,WEU,-3.477236923027635e10
2021,JPK,-7.003166612092029e10
2021,ANZ,-6.79094781736805e9
2021,EEU,-4.1687073581061325e9
2021,FSU,1.7540768100040565e10
2021,MDE,-3.5362559217651665e10
2021,CAM,-1.021469396173488e10
2021,LAM,-6.197473183359293e9
2021,SAS,-1.9097717338403107e10
2021,SEA,-1.592255308182052e10
2021,CHI,-1.601809620868018e11
2021,MAF,4.498805766275461e9
2021,SSA,1.829269347542146e10
2021,SIS,-1.5070652134572525e9
2022,USA,-2.814857266994295e8
2022,CAN,-3.3619224040633903e9
2022,WEU,-3.546716715567083e10
2022,JPK,-7.057635061223334e10
2022,ANZ,-6.922407201514171e9
2022,EEU,-4.1007016772203507e9
2022,FSU,1.907877055373671e10
2022,MDE,-3.576918718389188e10
2022,CAM,-1.0471040364848644e10
2022,LAM,-6.091418853149985e9
2022,SAS,-2.0222634449517963e10
2022,SEA,-1.6534949518773388e10
2022,CHI,-1.6918703957180164e11
2022,MAF,4.382033733674495e9
2022,SSA,1.811434915831045e10
2022,SIS,-1.5550793800326405e9
2023,USA,2.0760905418875914e9
2023,CAN,-3.303093481517169e9
2023,WEU,-3.6238460286357155e10
2023,JPK,-7.103178966407697e10
2023,ANZ,-7.045302507269672e9
2023,EEU,-4.0138760703419924e9
2023,FSU,2.06964755695817e10
2023,MDE,-3.61371088382274e10
2023,CAM,-1.0709358529569853e10
2023,LAM,-5.957419559688453e9
2023,SAS,-2.1306226624544704e10
2023,SEA,-1.7106580607468292e10
2023,CHI,-1.7799512050472534e11
2023,MAF,4.2535000353034363e9
2023,SSA,1.7997008018001926e10
2023,SIS,-1.6003615931052313e9
2024,USA,4.393566629981393e9
2024,CAN,-3.2517456931379004e9
2024,WEU,-3.7034811932677055e10
2024,JPK,-7.138481426047163e10
2024,ANZ,-7.159076841280203e9
2024,EEU,-3.911704747780763e9
2024,FSU,2.2358244487296074e10
2024,MDE,-3.646322891909094e10
2024,CAM,-1.092795869134033e10
2024,LAM,-5.797758050113392e9
2024,SAS,-2.2342548481200993e10
2024,SEA,-1.7630704606197712e10
2024,CHI,-1.865678954662103e11
2024,MAF,4.1222421433417864e9
2024,SSA,1.793490092293639e10
2024,SIS,-1.6427702743831856e9
2025,USA,6.608562994972115e9
2025,CAN,-3.214061943646335e9
2025,WEU,-3.786837187072787e10
2025,JPK,-7.161658483902237e10
2025,ANZ,-7.2616407309837e9
2025,EEU,-3.7950753984475026e9
2025,FSU,2.406744667930996e10
2025,MDE,-3.664192245480657e10
2025,CAM,-1.1123722457935951e10
2025,LAM,-5.607744901076635e9
2025,SAS,-2.3339978781282032e10
2025,SEA,-1.811681463558545e10
2025,CHI,-1.9486833740737338e11
2025,MAF,3.937481315311577e9
2025,SSA,1.778968029925557e10
2025,SIS,-1.6821626867764902e9
2026,USA,8.677061230500307e9
2026,CAN,-3.1930144391524677e9
2026,WEU,-3.8748410672697655e10
2026,JPK,-7.178816625228447e10
2026,ANZ,-7.366914023024021e9
2026,EEU,-3.673204163596377e9
2026,FSU,2.588152542699968e10
2026,MDE,-3.69670237721433e10
2026,CAM,-1.1367942882274086e10
2026,LAM,-5.431228578711569e9
2026,SAS,-2.466159270235986e10
2026,SEA,-1.8708657512850616e10
2026,CHI,-2.038344287407653e11
2026,MAF,3.748675120943006e9
2026,SSA,1.728878614096674e10
2026,SIS,-1.725417014758198e9
2027,USA,1.0613776204428085e10
2027,CAN,-3.184609396213966e9
2027,WEU,-3.952447849091576e10
2027,JPK,-7.186440474994415e10
2027,ANZ,-7.461944253968844e9
2027,EEU,-3.5436114217492394e9
2027,FSU,2.7708243823694965e10
2027,MDE,-3.725187074309668e10
2027,CAM,-1.1588449699378878e10
2027,LAM,-5.226433559392044e9
2027,SAS,-2.5874528182354866e10
2027,SEA,-1.9216324561758537e10
2027,CHI,-2.1251720579930557e11
2027,MAF,3.5976281783498726e9
2027,SSA,1.6938615426355164e10
2027,SIS,-1.7632710039205995e9
2028,USA,1.2414317860506933e10
2028,CAN,-3.1885165946568356e9
2028,WEU,-4.024323355751842e10
2028,JPK,-7.186253497722888e10
2028,ANZ,-7.551024886489978e9
2028,EEU,-3.408447263095714e9
2028,FSU,2.954685880651042e10
2028,MDE,-3.750250757731507e10
2028,CAM,-1.179238335516165e10
2028,LAM,-5.007216638225193e9
2028,SAS,-2.702654363028742e10
2028,SEA,-1.9671872870405598e10
2028,CHI,-2.2094381191751556e11
2028,MAF,3.469034831397427e9
2028,SSA,1.6673195052728552e10
2028,SIS,-1.799349888668436e9
2029,USA,1.4095153153182735e10
2029,CAN,-3.2023674864039726e9
2029,WEU,-4.090414166604407e10
2029,JPK,-7.179375815231854e10
2029,ANZ,-7.635193215358615e9
2029,EEU,-3.268788183271292e9
2029,FSU,3.1398269290020504e10
2029,MDE,-3.772271463458403e10
2029,CAM,-1.198161029738843e10
2029,LAM,-4.776213774543363e9
2029,SAS,-2.8121689938684376e10
2029,SEA,-2.007950858561803e10
2029,CHI,-2.2913491393864224e11
2029,MAF,3.362549945000353e9
2029,SSA,1.6480127766484816e10
2029,SIS,-1.833868615320897e9
2030,USA,1.544890506282772e10
2030,CAN,-3.2373647332254896e9
2030,WEU,-4.091271792248186e10
2030,JPK,-7.202021676541356e10
2030,ANZ,-7.735972952469169e9
2030,EEU,-3.1388631926373005e9
2030,FSU,3.3222443949493874e10
2030,MDE,-3.835753752843725e10
2030,CAM,-1.2162962298849041e10
2030,LAM,-4.549361829896204e9
2030,SAS,-2.9146177892997307e10
2030,SEA,-2.0404718301890236e10
2030,CHI,-2.3711379805197775e11
2030,MAF,3.413440972223381e9
2030,SSA,1.6546166397719027e10
2030,SIS,-1.867418825192749e9
2031,USA,1.6777026869620787e10
2031,CAN,-3.279062685709152e9
2031,WEU,-4.094208394209764e10
2031,JPK,-7.213734164624348e10
2031,ANZ,-7.843283349526757e9
2031,EEU,-3.0026809650699644e9
2031,FSU,3.513725921116571e10
2031,MDE,-3.907577514880759e10
2031,CAM,-1.2389616052853094e10
2031,LAM,-4.324929154705461e9
2031,SAS,-3.0503382072138367e10
2031,SEA,-2.0826977830729935e10
2031,CHI,-2.4484517428018588e11
2031,MAF,3.475863588387747e9
2031,SSA,1.6343456255166557e10
2031,SIS,-1.9085578093309197e9
2032,USA,1.8092445932134754e10
2032,CAN,-3.3218532725403147e9
2032,WEU,-4.08497838404281e10
2032,JPK,-7.219954083268701e10
2032,ANZ,-7.943099454891669e9
2032,EEU,-2.8604116340559387e9
2032,FSU,3.7083682966130615e10
2032,MDE,-3.9768565016942566e10
2032,CAM,-1.2596391007664282e10
2032,LAM,-4.0687394906462846e9
2032,SAS,-3.174536670164025e10
2032,SEA,-2.116624613350477e10
2032,CHI,-2.5239616395650793e11
2032,MAF,3.586931654693325e9
2032,SSA,1.6329076577909355e10
2032,SIS,-1.9472224593844628e9
2033,USA,1.9377659520899883e10
2033,CAN,-3.367288654786906e9
2033,WEU,-4.070530660947274e10
2033,JPK,-7.222415860816927e10
2033,ANZ,-8.039882393647101e9
2033,EEU,-2.712714078468668e9
2033,FSU,3.9061294578692924e10
2033,MDE,-4.044021364940654e10
2033,CAM,-1.2789199234189352e10
2033,LAM,-3.7952820046092305e9
2033,SAS,-3.2922784936461723e10
2033,SEA,-2.1436052094144993e10
2033,CHI,-2.5976920280711163e11
2033,MAF,3.7267876637017226e9
2033,SSA,1.6416421753608046e10
2033,SIS,-1.985121116291597e9
2034,USA,2.0638931703563576e10
2034,CAN,-3.414807013259904e9
2034,WEU,-4.051090403674772e10
2034,JPK,-7.221498962606442e10
2034,ANZ,-8.133928876970298e9
2034,EEU,-2.5596787376508136e9
2034,FSU,4.106973717252412e10
2034,MDE,-4.109217177206141e10
2034,CAM,-1.2968563530767427e10
2034,LAM,-3.5052577415162354e9
2034,SAS,-3.403887799527591e10
2034,SEA,-2.1620195356346626e10
2034,CHI,-2.6697448651773016e11
2034,MAF,3.8939788068487353e9
2034,SSA,1.6593234366195581e10
2034,SIS,-2.0221760175277534e9
2035,USA,2.1874366939721096e10
2035,CAN,-3.463596246660893e9
2035,WEU,-4.02967409555558e10
2035,JPK,-7.219148443654741e10
2035,ANZ,-8.224164471897975e9
2035,EEU,-2.4019932490615516e9
2035,FSU,4.3104437897827446e10
2035,MDE,-4.170469897384832e10
2035,CAM,-1.3134739132448881e10
2035,LAM,-3.199002461999175e9
2035,SAS,-3.510764762707564e10
2035,SEA,-2.1817629766441418e10
2035,CHI,-2.7401210729038947e11
2035,MAF,4.0606350082038717e9
2035,SSA,1.6687164164939098e10
2035,SIS,-2.0583278685547864e9
2036,USA,2.308092749735062e10
2036,CAN,-3.5157783869543624e9
2036,WEU,-4.009102312082383e10
2036,JPK,-7.203810701249371e10
2036,ANZ,-8.319714236821712e9
2036,EEU,-2.2377263217454433e9
2036,FSU,4.510219217305156e10
2036,MDE,-4.233510836455345e10
2036,CAM,-1.3315051705017267e10
2036,LAM,-2.8768188972002616e9
2036,SAS,-3.640676618636951e10
2036,SEA,-2.204769108036142e10
2036,CHI,-2.799832921045353e11
2036,MAF,4.2495896855926113e9
2036,SSA,1.6625849730643442e10
2036,SIS,-2.1007870592228777e9
2037,USA,2.42741211736565e10
2037,CAN,-3.5683066481053767e9
2037,WEU,-3.979814160122691e10
2037,JPK,-7.186853427915439e10
2037,ANZ,-8.411479712314794e9
2037,EEU,-2.0690413194189374e9
2037,FSU,4.712557534714105e10
2037,MDE,-4.294727654972927e10
2037,CAM,-1.347913584194246e10
2037,LAM,-2.5324285477293253e9
2037,SAS,-3.760009778997428e10
2037,SEA,-2.2209917870134697e10
2037,CHI,-2.858612415188884e11
2037,MAF,4.479843832601548e9
2037,SSA,1.675299449114431e10
2037,SIS,-2.1409395640756261e9
2038,USA,2.5455534592742542e10
2038,CAN,-3.621993515089408e9
2038,WEU,-3.945438632057387e10
2038,JPK,-7.167506683351755e10
2038,ANZ,-8.500894937005034e9
2038,EEU,-1.8955841110653284e9
2038,FSU,4.9174006409847404e10
2038,MDE,-4.354227186653185e10
2038,CAM,-1.3629182469561234e10
2038,LAM,-2.170569843383845e9
2038,SAS,-3.872538062882724e10
2038,SEA,-2.2322919367229954e10
2038,CHI,-2.916106255249224e11
2038,MAF,4.738418927034848e9
2038,SSA,1.6982076300133684e10
2038,SIS,-2.179950304122392e9
2039,USA,2.6625340788471973e10
2039,CAN,-3.676820927418289e9
2039,WEU,-3.905899783689641e10
2039,JPK,-7.1458894535783e10
2039,ANZ,-8.58809778926995e9
2039,EEU,-1.7173835438538988e9
2039,FSU,5.1246893156081154e10
2039,MDE,-4.412067346788705e10
2039,CAM,-1.3765238669859247e10
2039,LAM,-1.791450378843595e9
2039,SAS,-3.9784770013112144e10
2039,SEA,-2.238777002403174e10
2039,CHI,-2.972332880108285e11
2039,MAF,5.025363623938219e9
2039,SSA,1.7302675542914124e10
2039,SIS,-2.2177830742110777e9
2040,USA,2.777838204415399e10
2040,CAN,-3.733641585884152e9
2040,WEU,-3.845132893102314e10
2040,JPK,-7.130431524570781e10
2040,ANZ,-8.676627519804811e9
2040,EEU,-1.5361779279055102e9
2040,FSU,5.333120516903115e10
2040,MDE,-4.4751179274090935e10
2040,CAM,-1.3887330582882133e10
2040,LAM,-1.3954170767086334e9
2040,SAS,-4.077543483198649e10
2040,SEA,-2.2397394505532406e10
2040,CHI,-3.027228367151173e11
2040,MAF,5.369292085909464e9
2040,SSA,1.7810526050352722e10
2040,SIS,-2.2544134567766e9
2041,USA,2.891784196080296e10
2041,CAN,-3.7915892045042048e9
2041,WEU,-3.780194986099103e10
2041,JPK,-7.108793944790591e10
2041,ANZ,-8.769004725365246e9
2041,EEU,-1.353400728348196e9
2041,FSU,5.5245481490055695e10
2041,MDE,-4.535339212100943e10
2041,CAM,-1.4013801586594072e10
2041,LAM,-9.733143317468232e8
2041,SAS,-4.189220377479958e10
2041,SEA,-2.238140763534947e10
2041,CHI,-3.0698474485304767e11
2041,MAF,5.738753987417093e9
2041,SSA,1.8263493110819298e10
2041,SIS,-2.2950136121453843e9
2042,USA,3.005975323108009e10
2042,CAN,-3.849301887853751e9
2042,WEU,-3.708823483879575e10
2042,JPK,-7.08663359800604e10
2042,ANZ,-8.858581086559582e9
2042,EEU,-1.1687818341111977e9
2042,FSU,5.71725367405848e10
2042,MDE,-4.5942412605580025e10
2042,CAM,-1.4125872859494446e10
2042,LAM,-5.402759312298331e8
2042,SAS,-4.292029741023014e10
2042,SEA,-2.232166866080803e10
2042,CHI,-3.112331553688287e11
2042,MAF,6.136479144372946e9
2042,SSA,1.8899296141949757e10
2042,SIS,-2.333566182518232e9
2043,USA,3.1214990629271828e10
2043,CAN,-3.906989966182718e9
2043,WEU,-3.6315316819122696e10
2043,JPK,-7.062871787204309e10
2043,ANZ,-8.945109850628523e9
2043,EEU,-9.811611611107615e8
2043,FSU,5.911275191326359e10
2043,MDE,-4.6516434641966446e10
2043,CAM,-1.4224532422280163e10
2043,LAM,-9.106069127156946e7
2043,SAS,-4.38835764502267e10
2043,SEA,-2.2221327926405582e10
2043,CHI,-3.154091114532124e11
2043,MAF,6.557186887135071e9
2043,SSA,1.963790953822073e10
2043,SIS,-2.370954079195367e9
2044,USA,3.238402016386257e10
2044,CAN,-3.964645374887338e9
2044,WEU,-3.548046426384207e10
2044,JPK,-7.037393253365172e10
2044,ANZ,-9.028477089183262e9
2044,EEU,-7.903907443864866e8
2044,FSU,6.1066356659256744e10
2044,MDE,-4.7075318474117165e10
2044,CAM,-1.4309707829692371e10
2044,LAM,3.7470299205374503e8
2044,SAS,-4.478358644547442e10
2044,SEA,-2.2080958919607918e10
2044,CHI,-3.1951144910410864e11
2044,MAF,7.000842988545963e9
2044,SSA,2.047071191838741e10
2044,SIS,-2.4071710966406317e9
2045,USA,3.3560337930196545e10
2045,CAN,-4.022328507094487e9
2045,WEU,-3.457518980943735e10
2045,JPK,-7.011415481809479e10
2045,ANZ,-9.108869867286743e9
2045,EEU,-5.970794963101645e8
2045,FSU,6.302693343219093e10
2045,MDE,-4.76324329025061e10
2045,CAM,-1.4381735056825296e10
2045,LAM,8.573225822708163e8
2045,SAS,-4.562813209000436e10
2045,SEA,-2.1902389483934513e10
2045,CHI,-3.2349547825454456e11
2045,MAF,7.462359969045048e9
2045,SSA,2.1180903649699852e10
2045,SIS,-2.4422312907805414e9
2046,USA,3.472111181672469e10
2046,CAN,-4.079096079382534e9
2046,WEU,-3.3574515476132996e10
2046,JPK,-6.976386242093538e10
2046,ANZ,-9.182952598833302e9
2046,EEU,-4.0321624237908614e8
2046,FSU,6.4759726905745865e10
2046,MDE,-4.811956343507998e10
2046,CAM,-1.444580119740473e10
2046,LAM,1.3759127552120204e9
2046,SAS,-4.6492451144345085e10
2046,SEA,-2.166532021485524e10
2046,CHI,-3.25788459392652e11
2046,MAF,7.95413958493085e9
2046,SSA,2.1946149623273613e10
2046,SIS,-2.4766700520683537e9
2047,USA,3.587719580227885e10
2047,CAN,-4.1362171504194994e9
2047,WEU,-3.242090301235701e10
2047,JPK,-6.941093823938197e10
2047,ANZ,-9.255299547176958e9
2047,EEU,-2.0756019845919594e8
2047,FSU,6.649907754204236e10
2047,MDE,-4.859523578150356e10
2047,CAM,-1.4495307643012228e10
2047,LAM,1.8988130043142507e9
2047,SAS,-4.7282051406865875e10
2047,SEA,-2.1396002013787727e10
2047,CHI,-3.281266246487369e11
2047,MAF,8.466608822245251e9
2047,SSA,2.288323660537702e10
2047,SIS,-2.5099728934770837e9
2048,USA,3.704306784438255e10
2048,CAN,-4.192288734285924e9
2048,WEU,-3.1281007108400032e10
2048,JPK,-6.904378801643187e10
2048,ANZ,-9.324723479431808e9
2048,EEU,-9.251056551354164e6
2048,FSU,6.824506255655576e10
2048,MDE,-4.905573455379501e10
2048,CAM,-1.4530139217374903e10
2048,LAM,2.4390483049242244e9
2048,SAS,-4.8006020542858e10
2048,SEA,-2.1087525802350636e10
2048,CHI,-3.3040513761334863e11
2048,MAF,9.003719785261679e9
2048,SSA,2.3922000112604034e10
2048,SIS,-2.5419579366085567e9
2049,USA,3.821956722969631e10
2049,CAN,-4.2469279401284065e9
2049,WEU,-3.0055793062012035e10
2049,JPK,-6.866168529077993e10
2049,ANZ,-9.390966626863274e9
2049,EEU,1.9174655129819208e8
2049,FSU,6.999779476691805e10
2049,MDE,-4.95007626957724e10
2049,CAM,-1.4550149778057549e10
2049,LAM,2.9970968398499603e9
2049,SAS,-4.866527335882813e10
2049,SEA,-2.0740125147886864e10
2049,CHI,-3.32621363631144e11
2049,MAF,9.56582785892425e9
2049,SSA,2.5055185523258026e10
2049,SIS,-2.57260467254526e9
2050,USA,3.9394418014467834e10
2050,CAN,-4.301420591125259e9
2050,WEU,-2.8783283733515347e10
2050,JPK,-6.828627349514826e10
2050,ANZ,-9.455062432481148e9
2050,EEU,3.957852578856412e8
2050,FSU,7.17504412720398e10
2050,MDE,-4.987815726195153e10
2050,CAM,-1.4558915830397562e10
2050,LAM,3.5592595982904654e9
2050,SAS,-4.927462581568053e10
2050,SEA,-2.0374740534744545e10
2050,CHI,-3.348149725526754e11
2050,MAF,1.0111112709529034e10
2050,SSA,2.621075769097245e10
2050,SIS,-2.6021735739108386e9
2051,USA,4.054948674474192e10
2051,CAN,-4.355567596728412e9
2051,WEU,-2.746392866288315e10
2051,JPK,-6.789550908005506e10
2051,ANZ,-9.516749036346283e9
2051,EEU,5.986057492896256e8
2051,FSU,7.337647506420934e10
2051,MDE,-5.020797134614508e10
2051,CAM,-1.4551203520889109e10
2051,LAM,4.145013231106098e9
2051,SAS,-4.98666184683395e10
2051,SEA,-1.9953599039202866e10
2051,CHI,-3.353170863674739e11
2051,MAF,1.0682181207942686e10
2051,SSA,2.7511469784178078e10
2051,SIS,-2.6297643822292037e9
2052,USA,4.169719772483445e10
2052,CAN,-4.409792964030188e9
2052,WEU,-2.610422160466558e10
2052,JPK,-6.751170477415863e10
2052,ANZ,-9.578556511107153e9
2052,EEU,8.023173691860543e8
2052,FSU,7.499666726687764e10
2052,MDE,-5.052682970786737e10
2052,CAM,-1.4532747941902319e10
2052,LAM,4.724975820730586e9
2052,SAS,-5.039682006837363e10
2052,SEA,-1.951440938021586e10
2052,CHI,-3.359331757897867e11
2052,MAF,1.1265310258509964e10
2052,SSA,2.8970093289682003e10
2052,SIS,-2.656859986563613e9
2053,USA,4.286518576947759e10
2053,CAN,-4.46267979179499e9
2053,WEU,-2.467422773263766e10
2053,JPK,-6.711000457227141e10
2053,ANZ,-9.63633474087478e9
2053,EEU,1.0081488075648679e9
2053,FSU,7.661150845724873e10
2053,MDE,-5.082998790901232e10
2053,CAM,-1.4501248828617096e10
2053,LAM,5.317034064453843e9
2053,SAS,-5.086730794195134e10
2053,SEA,-1.9045070776932205e10
2053,CHI,-3.36523341498337e11
2053,MAF,1.1866090471573538e10
2053,SSA,3.0525910843145985e10
2053,SIS,-2.68280164275089e9
2054,USA,4.40523308977651e10
2054,CAN,-4.514300408319543e9
2054,WEU,-2.316567189067827e10
2054,JPK,-6.668975185917777e10
2054,ANZ,-9.690014825376642e9
2054,EEU,1.216167208158782e9
2054,FSU,7.823119268817712e10
2054,MDE,-5.111719310512895e10
2054,CAM,-1.4456549160920961e10
2054,LAM,5.921495530235232e9
2054,SAS,-5.127851170967537e10
2054,SEA,-1.854546550918074e10
2054,CHI,-3.370852277562938e11
2054,MAF,1.2484922823701447e10
2054,SSA,3.2173236013769005e10
2054,SIS,-2.7075726793854594e9
2055,USA,4.52581057698579e10
2055,CAN,-4.564631625701068e9
2055,WEU,-2.15972048976829e10
2055,JPK,-6.6258815807368e10
2055,ANZ,-9.738386703842657e9
2055,EEU,1.4264624378593483e9
2055,FSU,7.98554625298709e10
2055,MDE,-5.138258112471862e10
2055,CAM,-1.4398287280981106e10
2055,LAM,6.540216225467603e9
2055,SAS,-5.163329936583767e10
2055,SEA,-1.801309115388218e10
2055,CHI,-3.375732192155354e11
2055,MAF,1.3117500088876987e10
2055,SSA,3.3672534545291084e10
2055,SIS,-2.731153486968638e9
2056,USA,4.649543371092655e10
2056,CAN,-4.614808750056625e9
2056,WEU,-1.9929059878266712e10
2056,JPK,-6.57577227562553e10
2056,ANZ,-9.784480696655876e9
2056,EEU,1.6397830620564911e9
2056,FSU,8.152221693795049e10
2056,MDE,-5.161564719596874e10
2056,CAM,-1.431381698604366e10
2056,LAM,7.186896213514593e9
2056,SAS,-5.192593639032829e10
2056,SEA,-1.7415386436856655e10
2056,CHI,-3.3697796512072534e11
2056,MAF,1.3778445072552124e10
2056,SSA,3.540493015902343e10
2056,SIS,-2.7514577399647818e9
2057,USA,4.7742056430699684e10
2057,CAN,-4.664611262448373e9
2057,WEU,-1.8197824986492508e10
2057,JPK,-6.5253304357134285e10
2057,ANZ,-9.82835435253016e9
2057,EEU,1.8552431257537577e9
2057,FSU,8.319268838893985e10
2057,MDE,-5.183338991448534e10
2057,CAM,-1.4218690104808392e10
2057,LAM,7.828843083001731e9
2057,SAS,-5.216213991862564e10
2057,SEA,-1.6803431145284555e10
2057,CHI,-3.364583950333062e11
2057,MAF,1.4453241123722689e10
2057,SSA,3.729013515176587e10
2057,SIS,-2.7715071913516207e9
2058,USA,4.8996782580721825e10
2058,CAN,-4.713746670292259e9
2058,WEU,-1.646856322422049e10
2058,JPK,-6.473539842630367e10
2058,ANZ,-9.868479038549665e9
2058,EEU,2.0728319360863612e9
2058,FSU,8.48664306160364e10
2058,MDE,-5.203432936380167e10
2058,CAM,-1.4110181375353924e10
2058,LAM,8.482383586743301e9
2058,SAS,-5.23387239965841e10
2058,SEA,-1.6162030908881945e10
2058,CHI,-3.3591136235087164e11
2058,MAF,1.514737751033783e10
2058,SSA,3.927182662250161e10
2058,SIS,-2.7903596268987474e9
2059,USA,5.026000562531489e10
2059,CAN,-4.76219844860187e9
2059,WEU,-1.4739525378604305e10
2059,JPK,-6.420270141650292e10
2059,ANZ,-9.90467641153687e9
2059,EEU,2.292742107083497e9
2059,FSU,8.654314156912929e10
2059,MDE,-5.221821271052725e10
2059,CAM,-1.3988163965529606e10
2059,LAM,9.14794000121357e9
2059,SAS,-5.245601251305195e10
2059,SEA,-1.5491120139925201e10
2059,CHI,-3.3533511465908875e11
2059,MAF,1.5861142021172138e10
2059,SSA,4.134506090591327e10
2059,SIS,-2.80800724931031e9
2060,USA,5.152140141633028e10
2060,CAN,-4.810538160974359e9
2060,WEU,-1.2961971881185867e10
2060,JPK,-6.367169951529824e10
2060,ANZ,-9.938755126137596e9
2060,EEU,2.5149131115711756e9
2060,FSU,8.822431495128249e10
2060,MDE,-5.232183921514989e10
2060,CAM,-1.3857767562064804e10
2060,LAM,9.815643719174562e9
2060,SAS,-5.253329573361771e10
2060,SEA,-1.4812867067923946e10
2060,CHI,-3.3473841054152527e11
2060,MAF,1.650275296625091e10
2060,SSA,4.321931323726505e10
2060,SIS,-2.824811833149676e9
2061,USA,5.280235699295482e10
2061,CAN,-4.861025831805037e9
2061,WEU,-1.1182810176635576e10
2061,JPK,-6.308339354898527e10
2061,ANZ,-9.970014965715017e9
2061,EEU,2.740232387660944e9
2061,FSU,8.988521227301486e10
2061,MDE,-5.238473450886191e10
2061,CAM,-1.3702951487667566e10
2061,LAM,1.0502140606641003e10
2061,SAS,-5.250987179791235e10
2061,SEA,-1.407523258579183e10
2061,CHI,-3.332502387183439e11
2061,MAF,1.716405605350562e10
2061,SSA,4.5374648602430954e10
2061,SIS,-2.837554348976233e9
2062,USA,5.4082335026357254e10
2062,CAN,-4.911882850727066e9
2062,WEU,-9.40137977441713e9
2062,JPK,-6.250012886479333e10
2062,ANZ,-1.0000154416891129e10
2062,EEU,2.9675933143910685e9
2062,FSU,9.154454746775128e10
2062,MDE,-5.2434396978832664e10
2062,CAM,-1.353920885136914e10
2062,LAM,1.11776444776103e10
2062,SAS,-5.2446583716163605e10
2062,SEA,-1.3330169861541723e10
2062,CHI,-3.318476888444917e11
2062,MAF,1.7830385829334435e10
2062,SSA,4.766968798478652e10
2062,SIS,-2.850458460170884e9
2063,USA,5.536541635884608e10
2063,CAN,-4.9623104914769535e9
2063,WEU,-7.617219539126296e9
2063,JPK,-6.190598821776917e10
2063,ANZ,-1.0026712545034172e10
2063,EEU,3.1971632001493635e9
2063,FSU,9.320216142223563e10
2063,MDE,-5.2468242981430084e10
2063,CAM,-1.3363639711516445e10
2063,LAM,1.1864990614110325e10
2063,SAS,-5.232925664806932e10
2063,SEA,-1.2560049436654871e10
2063,CHI,-3.304304004035627e11
2063,MAF,1.8509987960722084e10
2063,SSA,5.005598935207148e10
2063,SIS,-2.862245294903613e9
2064,USA,5.66502861548646e10
2064,CAN,-5.012382070293418e9
2064,WEU,-5.83008804238716e9
2064,JPK,-6.130146518022414e10
2064,ANZ,-1.0049774459307144e10
2064,EEU,3.4288252916356363e9
2064,FSU,9.485751498971408e10
2064,MDE,-5.2486321485939995e10
2064,CAM,-1.3176369215054415e10
2064,LAM,1.2561843816339144e10
2064,SAS,-5.215859824751409e10
2064,SEA,-1.1765198673993298e10
2064,CHI,-3.2899800631520197e11
2064,MAF,1.920260613577617e10
2064,SSA,5.252857159347554e10
2064,SIS,-2.8729189853292727e9
2065,USA,5.793344603798018e10
2065,CAN,-5.062406977026335e9
2065,WEU,-4.0370473163883247e9
2065,JPK,-6.069457518886648e10
2065,ANZ,-1.0069598821684746e10
2065,EEU,3.662199546625116e9
2065,FSU,9.650810297698283e10
2065,MDE,-5.250375616254998e10
2065,CAM,-1.2976387784290869e10
2065,LAM,1.3267749265451366e10
2065,SAS,-5.192989274265228e10
2065,SEA,-1.0934766547252758e10
2065,CHI,-3.275097703180371e11
2065,MAF,1.9930991340763695e10
2065,SSA,5.4904520290563095e10
2065,SIS,-2.8824149535262113e9
2066,USA,5.921489950264411e10
2066,CAN,-5.113442951336028e9
2066,WEU,-2.2327798245169673e9
2066,JPK,-6.003194051268121e10
2066,ANZ,-1.0082457312065493e10
2066,EEU,3.8933172521953335e9
2066,FSU,9.79858740088619e10
2066,MDE,-5.244848595189996e10
2066,CAM,-1.2746747547330933e10
2066,LAM,1.398166880773483e10
2066,SAS,-5.156017817584081e10
2066,SEA,-1.0033008891348366e10
2066,CHI,-3.2530224041909705e11
2066,MAF,2.0666326158116924e10
2066,SSA,5.757006644593776e10
2066,SIS,-2.8862072309772835e9
2067,USA,6.049488189585471e10
2067,CAN,-5.164609555676965e9
2067,WEU,-4.2522223223012644e8
2067,JPK,-5.936511613734308e10
2067,ANZ,-1.0093322747291803e10
2067,EEU,4.125693380460849e9
2067,FSU,9.945813965298413e10
2067,MDE,-5.238037174664442e10
2067,CAM,-1.2511179268063719e10
2067,LAM,1.4673672149612032e10
2067,SAS,-5.117043605500729e10
2067,SEA,-9.145865119102089e9
2067,CHI,-3.2317870729353534e11
2067,MAF,2.1393104421187416e10
2067,SSA,6.035994537833231e10
2067,SIS,-2.8908746301762753e9
2068,USA,6.177929152484545e10
2068,CAN,-5.2152841456806e9
2068,WEU,1.3924295656463456e9
2068,JPK,-5.868532220601675e10
2068,ANZ,-1.010011591627266e10
2068,EEU,4.359785514504105e9
2068,FSU,1.0092481703370007e11
2068,MDE,-5.22954744098884e10
2068,CAM,-1.2265210160356272e10
2068,LAM,1.5369536356066772e10
2068,SAS,-5.073163700412997e10
2068,SEA,-8.236832622052628e9
2068,CHI,-3.210437458340681e11
2068,MAF,2.2131489863151325e10
2068,SSA,6.3235526852144035e10
2068,SIS,-2.8944488014136386e9
2069,USA,6.3067406188286674e10
2069,CAN,-5.265508825671034e9
2069,WEU,3.2208107219181414e9
2069,JPK,-5.799294363534407e10
2069,ANZ,-1.0102882335025192e10
2069,EEU,4.595530683917059e9
2069,FSU,1.0238577748435204e11
2069,MDE,-5.219398312467207e10
2069,CAM,-1.2008917823245739e10
2069,LAM,1.6069090069160942e10
2069,SAS,-5.024416818145863e10
2069,SEA,-7.306060178520683e9
2069,CHI,-3.1889741761787836e11
2069,MAF,2.288129624760854e10
2069,SSA,6.6192933697365074e10
2069,SIS,-2.8969300399855313e9
2070,USA,6.434552773875271e10
2070,CAN,-5.316210786845457e9
2070,WEU,4.966829532839156e9
2070,JPK,-5.72900506695806e10
2070,ANZ,-1.0100145282282724e10
2070,EEU,4.83279786672171e9
2070,FSU,1.0383892585026846e11
2070,MDE,-5.2026021559945114e10
2070,CAM,-1.1746879623631351e10
2070,LAM,1.6762114278036226e10
2070,SAS,-4.972419757391549e10
2070,SEA,-6.367744058915028e9
2070,CHI,-3.1670084570647455e11
2070,MAF,2.3563856550776993e10
2070,SSA,6.88428899169841e10
2070,SIS,-2.8987214682653785e9
2071,USA,6.5605166271340294e10
2071,CAN,-5.367086293903463e9
2071,WEU,6.704291113223903e9
2071,JPK,-5.6529108900156654e10
2071,ANZ,-1.0088743272226942e10
2071,EEU,5.060549127569576e9
2071,FSU,1.050317170992133e11
2071,MDE,-5.1776848679579155e10
2071,CAM,-1.1458719849992947e10
2071,LAM,1.7455795252780277e10
2071,SAS,-4.90446064129493e10
2071,SEA,-5.36765605946896e9
2071,CHI,-3.1384295954758545e11
2071,MAF,2.424277656894741e10
2071,SSA,7.176398292607231e10
2071,SIS,-2.894871006581898e9
2072,USA,6.6844576556011856e10
2072,CAN,-5.419207685591634e9
2072,WEU,8.425470892064589e9
2072,JPK,-5.5780853453244835e10
2072,ANZ,-1.007748999908155e10
2072,EEU,5.287760754967991e9
2072,FSU,1.0621318731398563e11
2072,MDE,-5.152016372965318e10
2072,CAM,-1.1167156522558626e10
2072,LAM,1.81207329129172e10
2072,SAS,-4.8367737739744865e10
2072,SEA,-4.395028024980656e9
2072,CHI,-3.1108896434484265e11
2072,MAF,2.4889068775429543e10
2072,SSA,7.478412315592412e10
2072,SIS,-2.8921526817571783e9
2073,USA,6.807765682044543e10
2073,CAN,-5.471468092663274e9
2073,WEU,1.0148940708729654e10
2073,JPK,-5.502694950192215e10
2073,ANZ,-1.0063291978521324e10
2073,EEU,5.515446846144382e9
2073,FSU,1.0738330766036235e11
2073,MDE,-5.125018725636934e10
2073,CAM,-1.0867310767725697e10
2073,LAM,1.878514907751929e10
2073,SAS,-4.7650643926706635e10
2073,SEA,-3.4067730678835845e9
2073,CHI,-3.0833064364467773e11
2073,MAF,2.5529820271568474e10
2073,SSA,7.787807334738182e10
2073,SIS,-2.888467346461483e9
2074,USA,6.93039295361861e10
2074,CAN,-5.523893055806461e9
2074,WEU,1.1874988482278618e10
2074,JPK,-5.4267680056886604e10
2074,ANZ,-1.004620203040167e10
2074,EEU,5.74351488147272e9
2074,FSU,1.0854180291612456e11
2074,MDE,-5.0967230467965706e10
2074,CAM,-1.0559362081959072e10
2074,LAM,1.9448873099292236e10
2074,SAS,-4.689405435536719e10
2074,SEA,-2.40329265740618e9
2074,CHI,-3.0556868426283685e11
2074,MAF,2.6165475397828384e10
2074,SSA,8.104137668976831e10
2074,SIS,-2.8838238867849464e9
2075,USA,7.052019488920084e10
2075,CAN,-5.576598866865769e9
2075,WEU,1.361607119104574e10
2075,JPK,-5.35108868453561e10
2075,ANZ,-1.0027131330438578e10
2075,EEU,5.97173631831492e9
2075,FSU,1.0968782556660149e11
2075,MDE,-5.068206595682714e10
2075,CAM,-1.0242319379478342e10
2075,LAM,2.011777585184048e10
2075,SAS,-4.608988314060055e10
2075,SEA,-1.3728960645248857e9
2075,CHI,-3.0278672262035486e11
2075,MAF,2.6825912340126564e10
2075,SSA,8.41630498895876e10
2075,SIS,-2.8781578983207803e9
2076,USA,7.174741210847244e10
2076,CAN,-5.627922130527256e9
2076,WEU,1.5355711651017857e10
2076,JPK,-5.271803928035548e10
2076,ANZ,-9.99933662759918e9
2076,EEU,6.190621030767985e9
2076,FSU,1.1067238665136858e11
2076,MDE,-5.034295682689156e10
2076,CAM,-9.905118205282911e9
2076,LAM,2.0787435964257042e10
2076,SAS,-4.514704953291899e10
2076,SEA,-2.930155241036783e8
2076,CHI,-2.99768122898943e11
2076,MAF,2.747040157420483e10
2076,SSA,8.75379098453343e10
2076,SIS,-2.8683012348085756e9
2077,USA,7.295493749234308e10
2077,CAN,-5.68044382085846e9
2077,WEU,1.708588330207187e10
2077,JPK,-5.193699460538978e10
2077,ANZ,-9.971300055640749e9
2077,EEU,6.408313295613281e9
2077,FSU,1.1164249811277335e11
2077,MDE,-4.9996527845888855e10
2077,CAM,-9.564842117041828e9
2077,LAM,2.142749459535905e10
2077,SAS,-4.421282670310238e10
2077,SEA,7.57418968995248e8
2077,CHI,-2.9679786611366125e11
2077,MAF,2.8085686780560123e10
2077,SSA,9.098649285354523e10
2077,SIS,-2.8591096133975024e9
2078,USA,7.414758165877339e10
2078,CAN,-5.733595522157771e9
2078,WEU,1.88134708671937e10
2078,JPK,-5.115700022411668e10
2078,ANZ,-9.941504314273504e9
2078,EEU,6.625480742530733e9
2078,FSU,1.1259777795675601e11
2078,MDE,-4.9639694739912224e10
2078,CAM,-9.218085590397572e9
2078,LAM,2.2064017104843456e10
2078,SAS,-4.324671194465953e10
2078,SEA,1.8180656647286649e9
2078,CHI,-2.938296507662557e11
2078,MAF,2.8696359133774315e10
2078,SSA,9.449305387894109e10
2078,SIS,-2.8490633242856245e9
2079,USA,7.532436295933098e10
2079,CAN,-5.787432957007395e9
2079,WEU,2.053780407917435e10
2079,JPK,-5.037864919444846e10
2079,ANZ,-9.910086724458485e9
2079,EEU,6.8419917781314745e9
2079,FSU,1.1353778660058458e11
2079,MDE,-4.927293370325317e10
2079,CAM,-8.865155319251461e9
2079,LAM,2.269665194235314e10
2079,SAS,-4.224984096546077e10
2079,SEA,2.8882581168280764e9
2079,CHI,-2.908644219987006e11
2079,MAF,2.9302586765550995e10
2079,SSA,9.805284239873058e10
2079,SIS,-2.838179897356374e9
2080,USA,7.649698163825743e10
2080,CAN,-5.841682699686878e9
2080,WEU,2.2223232855419857e10
2080,JPK,-4.958957751885018e10
2080,ANZ,-9.873557362502567e9
2080,EEU,7.058321239801183e9
2080,FSU,1.1446354200601256e11
2080,MDE,-4.887349059478589e10
2080,CAM,-8.512196280878923e9
2080,LAM,2.331459305504393e10
2080,SAS,-4.124460968195943e10
2080,SEA,3.9488455597965837e9
2080,CHI,-2.878711724284011e11
2080,MAF,2.9848634824590126e10
2080,SSA,1.0125482011601599e11
2080,SIS,-2.826942648624711e9
2081,USA,7.772063969688617e10
2081,CAN,-5.887957631910648e9
2081,WEU,2.397974226147515e10
2081,JPK,-4.8737134849163475e10
2081,ANZ,-9.816971046256102e9
2081,EEU,7.267673707897214e9
2081,FSU,1.1530655920224257e11
2081,MDE,-4.8412615054820595e10
2081,CAM,-8.134570319429695e9
2081,LAM,2.394473453074818e10
2081,SAS,-4.0092396526295296e10
2081,SEA,5.063169651596736e9
2081,CHI,-2.8452737550549365e11
2081,MAF,3.0380804335267673e10
2081,SSA,1.046896705724916e11
2081,SIS,-2.8098364911436644e9
2082,USA,7.895641809059422e10
2082,CAN,-5.933159418047025e9
2082,WEU,2.5754393105135296e10
2082,JPK,-4.786643385230054e10
2082,ANZ,-9.755135476609322e9
2082,EEU,7.477636564319638e9
2082,FSU,1.1614148457119995e11
2082,MDE,-4.793837899292357e10
2082,CAM,-7.752484462858961e9
2082,LAM,2.4551612691004898e10
2082,SAS,-3.8948581046454216e10
2082,SEA,6.14928492633728e9
2082,CHI,-2.812418089185925e11
2082,MAF,3.088745849693289e10
2082,SSA,1.081928277041893e11
2082,SIS,-2.7938632250242e9
2083,USA,8.018659312862636e10
2083,CAN,-5.978507552957774e9
2083,WEU,2.754202849452173e10
2083,JPK,-4.698922235693823e10
2083,ANZ,-9.68999531481375e9
2083,EEU,7.687788042104153e9
2083,FSU,1.1696673180483243e11
2083,MDE,-4.745115810033916e10
2083,CAM,-7.362856741001157e9
2083,LAM,2.515772700219707e10
2083,SAS,-3.777081547536229e10
2083,SEA,7.2482393208666935e9
2083,CHI,-2.779513812475399e11
2083,MAF,3.1391345961429955e10
2083,SSA,1.1175092006380324e11
2083,SIS,-2.7768566629967446e9
2084,USA,8.141016248869586e10
2084,CAN,-6.024060159353761e9
2084,WEU,2.934191565679949e10
2084,JPK,-4.61063237034644e10
2084,ANZ,-9.621683774839443e9
2084,EEU,7.898020479409446e9
2084,FSU,1.1778202064803712e11
2084,MDE,-4.6951342303258255e10
2084,CAM,-6.965922419847103e9
2084,LAM,2.576277811587687e10
2084,SAS,-3.6559925526225784e10
2084,SEA,8.35952553793245e9
2084,CHI,-2.7465750783060196e11
2084,MAF,3.1892653833538624e10
2084,SSA,1.1536096207001083e11
2084,SIS,-2.7588320573489985e9
2085,USA,8.261885611559592e10
2085,CAN,-6.070163568578636e9
2085,WEU,3.116484966108072e10
2085,JPK,-4.5228930352789116e10
2085,ANZ,-9.55225946160081e9
2085,EEU,8.107911413015769e9
2085,FSU,1.185863687350182e11
2085,MDE,-4.645011271500252e10
2085,CAM,-6.559851925924265e9
2085,LAM,2.6374044358099567e10
2085,SAS,-3.530607550530199e10
2085,SEA,9.494511708184013e9
2085,CHI,-2.7134960640295828e11
2085,MAF,3.2413094619298733e10
2085,SSA,1.1898527499122447e11
2085,SIS,-2.7396867045291634e9
2086,USA,8.382290158091624e10
2086,CAN,-6.111292326067052e9
2086,WEU,3.3014212383684822e10
2086,JPK,-4.4341822113964554e10
2086,ANZ,-9.470231501057055e9
2086,EEU,8.309542211579309e9
2086,FSU,1.1934902424884601e11
2086,MDE,-4.5903238363784836e10
2086,CAM,-6.1352645084711075e9
2086,LAM,2.697590821815677e10
2086,SAS,-3.392488260589682e10
2086,SEA,1.066697116674906e10
2086,CHI,-2.6786459249326788e11
2086,MAF,3.2921467612719242e10
2086,SSA,1.227619824838043e11
2086,SIS,-2.7144003684924097e9
2087,USA,8.500246437472151e10
2087,CAN,-6.153585999650556e9
2087,WEU,3.4850856805465675e10
2087,JPK,-4.346227942805733e10
2087,ANZ,-9.387619574774803e9
2087,EEU,8.51020733551138e9
2087,FSU,1.2010041966935925e11
2087,MDE,-4.534919000555812e10
2087,CAM,-5.710770451517542e9
2087,LAM,2.7539714545053604e10
2087,SAS,-3.2571639834430286e10
2087,SEA,1.1802003845431564e10
2087,CHI,-2.644223050856034e11
2087,MAF,3.3407797500559517e10
2087,SSA,1.2656864773292267e11
2087,SIS,-2.690968253652417e9
2088,USA,8.616569687168843e10
2088,CAN,-6.196636642834639e9
2088,WEU,3.669099088514028e10
2088,JPK,-4.258435438522696e10
2088,ANZ,-9.303274750892363e9
2088,EEU,8.71014563589064e9
2088,FSU,1.2083993876221913e11
2088,MDE,-4.478552842221372e10
2088,CAM,-5.281179127364147e9
2088,LAM,2.8099013570003998e10
2088,SAS,-3.1194283229428146e10
2088,SEA,1.2944039758339308e10
2088,CHI,-2.6098395122593478e11
2088,MAF,3.389123254042494e10
2088,SSA,1.3041460128105396e11
2088,SIS,-2.666681749161475e9
2089,USA,8.73157978204948e10
2089,CAN,-6.240226311633586e9
2089,WEU,3.853722171055033e10
2089,JPK,-4.170593461408236e10
2089,ANZ,-9.216781357671524e9
2089,EEU,8.909386304707058e9
2089,FSU,1.2156743889781519e11
2089,MDE,-4.4212145290177216e10
2089,CAM,-4.846507888328136e9
2089,LAM,2.8654554925197014e10
2089,SAS,-2.9793078115710777e10
2089,SEA,1.4093055233032248e10
2089,CHI,-2.5755026664721158e11
2089,MAF,3.437188680933761e10
2089,SSA,1.3429871153819301e11
2089,SIS,-2.6415393836014333e9
2090,USA,8.841375377454637e10
2090,CAN,-6.287427452525246e9
2090,WEU,4.039210389164808e10
2090,JPK,-4.08652745181319e10
2090,ANZ,-9.13440263756306e9
2090,EEU,9.10621659126415e9
2090,FSU,1.2227701740355821e11
2090,MDE,-4.363100949413841e10
2090,CAM,-4.415236316823986e9
2090,LAM,2.9188530455526093e10
2090,SAS,-2.838775300293291e10
2090,SEA,1.5240226378487211e10
2090,CHI,-2.5406357787911414e11
2090,MAF,3.481959511559713e10
2090,SSA,1.3784632323293982e11
2090,SIS,-2.6161376113477945e9
2091,USA,8.942880519188132e10
2091,CAN,-6.332519031592527e9
2091,WEU,4.2207635710927444e10
2091,JPK,-4.006157179112962e10
2091,ANZ,-9.049957184756424e9
2091,EEU,9.293407040974018e9
2091,FSU,1.229273291325355e11
2091,MDE,-4.3020418649307144e10
2091,CAM,-3.976015596255074e9
2091,LAM,2.9687796451974728e10
2091,SAS,-2.6895387713606277e10
2091,SEA,1.6398188199032127e10
2091,CHI,-2.504874042070598e11
2091,MAF,3.524905772152439e10
2091,SSA,1.4142206907938193e11
2091,SIS,-2.5846812362205443e9
2092,USA,9.037891347366661e10
2092,CAN,-6.381266356374215e9
2092,WEU,4.396608081939064e10
2092,JPK,-3.9294416703658676e10
2092,ANZ,-8.970985012913187e9
2092,EEU,9.47715221993453e9
2092,FSU,1.2355683860615457e11
2092,MDE,-4.24146873044018e10
2092,CAM,-3.544893634756547e9
2092,LAM,3.0135273581883038e10
2092,SAS,-2.545833108061663e10
2092,SEA,1.7502633038792152e10
2092,CHI,-2.469724993453125e11
2092,MAF,3.565141959450707e10
2092,SSA,1.4496657120962827e11
2092,SIS,-2.5562389069085197e9
2093,USA,9.1309913272694e10
2093,CAN,-6.430756731230904e9
2093,WEU,4.571676875454375e10
2093,JPK,-3.85322888097612e10
2093,ANZ,-8.891323152576696e9
2093,EEU,9.658751978007204e9
2093,FSU,1.2416707716556345e11
2093,MDE,-4.1805621179156906e10
2093,CAM,-3.113422248652359e9
2093,LAM,3.0574403083681717e10
2093,SAS,-2.4015058125727997e10
2093,SEA,1.8603033968857788e10
2093,CHI,-2.4347587294577676e11
2093,MAF,3.604723157754071e10
2093,SSA,1.4852066161411975e11
2093,SIS,-2.5273716481889734e9
2094,USA,9.22224860064513e10
2094,CAN,-6.480948112803148e9
2094,WEU,4.746033638806087e10
2094,JPK,-3.7774700773172516e10
2094,ANZ,-8.810901710332417e9
2094,EEU,9.83821276272564e9
2094,FSU,1.2475821359193803e11
2094,MDE,-4.119332737384203e10
2094,CAM,-2.6816744047600107e9
2094,LAM,3.100544375126718e10
2094,SAS,-2.25659391953918e10
2094,SEA,1.9699353130121616e10
2094,CHI,-2.3999783750020605e11
2094,MAF,3.6436627366928604e10
2094,SSA,1.520823082033539e11
2094,SIS,-2.498077021424872e9
2095,USA,9.310743549143074e10
2095,CAN,-6.532604670252155e9
2095,WEU,4.9205650156770905e10
2095,JPK,-3.7033805895924065e10
2095,ANZ,-8.732142370268938e9
2095,EEU,1.0015035589355429e10
2095,FSU,1.2533024193816617e11
2095,MDE,-4.0599247214625565e10
2095,CAM,-2.2462835584128137e9
2095,LAM,3.1436342440456787e10
2095,SAS,-2.1099977240679783e10
2095,SEA,2.0803772650762157e10
2095,CHI,-2.365260313458949e11
2095,MAF,3.685383642075025e10
2095,SSA,1.5567525387854382e11
2095,SIS,-2.4681954531076818e9
2096,USA,9.396684639690588e10
2096,CAN,-6.573775153438678e9
2096,WEU,5.0975029218606804e10
2096,JPK,-3.6284386526453125e10
2096,ANZ,-8.636793005507442e9
2096,EEU,1.0183418986352987e10
2096,FSU,1.2574761682353735e11
2096,MDE,-3.9958215784634415e10
2096,CAM,-1.8014907094276342e9
2096,LAM,3.1846984312058582e10
2096,SAS,-1.954539930991067e10
2096,SEA,2.1919758795941093e10
2096,CHI,-2.3293426304297974e11
2096,MAF,3.724651989922671e10
2096,SSA,1.5923521075947507e11
2096,SIS,-2.431340043946973e9
2097,USA,9.478611387249034e10
2097,CAN,-6.616864786500724e9
2097,WEU,5.270116795235561e10
2097,JPK,-3.55527292341346e10
2097,ANZ,-8.544085581005802e9
2097,EEU,1.0349088906755629e10
2097,FSU,1.2614536077147806e11
2097,MDE,-3.932344132887695e10
2097,CAM,-1.3673308950018077e9
2097,LAM,3.2207253998036835e10
2097,SAS,-1.8057139578931175e10
2097,SEA,2.297534685831382e10
2097,CHI,-2.2942619361989853e11
2097,MAF,3.760128846548735e10
2097,SSA,1.6275616422636417e11
2097,SIS,-2.398229217776385e9
2098,USA,9.557895528278479e10
2098,CAN,-6.661121075769771e9
2098,WEU,5.4412223488330925e10
2098,JPK,-3.483071530426747e10
2098,ANZ,-8.451987344424274e9
2098,EEU,1.0512193537508738e10
2098,FSU,1.2652340351904665e11
2098,MDE,-3.868862155311951e10
2098,CAM,-9.350860636334808e8
2098,LAM,3.2557239823007607e10
2098,SAS,-1.6571133848836603e10
2098,SEA,2.4022860893081898e10
2098,CHI,-2.2594024569096008e11
2098,MAF,3.794900228791294e10
2098,SSA,1.6626823363714963e11
2098,SIS,-2.3648501283650584e9
2099,USA,9.634549655523378e10
2099,CAN,-6.706540720589127e9
2099,WEU,5.610803898441543e10
2099,JPK,-3.4118177176100758e10
2099,ANZ,-8.360519233568557e9
2099,EEU,1.0672697257193638e10
2099,FSU,1.2688176946016263e11
2099,MDE,-3.805400979646959e10
2099,CAM,-5.049175816001474e8
2099,LAM,3.289703753485513e10
2099,SAS,-1.5088048369686605e10
2099,SEA,2.5062060725319836e10
2099,CHI,-2.224769505835782e11
2099,MAF,3.828965870752679e10
2099,SSA,1.6976872726459357e11
2099,SIS,-2.33120909887818e9
2100,USA,9.706331790892734e10
2100,CAN,-6.7545004010241585e9
2100,WEU,5.774695783642904e10
2100,JPK,-3.3427405724447033e10
2100,ANZ,-8.272049650838547e9
2100,EEU,1.082983519187733e10
2100,FSU,1.2721911395566698e11
2100,MDE,-3.7422932608916565e10
2100,CAM,-7.956832606549291e7
2100,LAM,3.3223344323321457e10
2100,SAS,-1.362043805048059e10
2100,SEA,2.6085991693843456e10
2100,CHI,-2.1901419914028033e11
2100,MAF,3.861220977812823e10
2100,SSA,1.7319513231450244e11
2100,SIS,-2.297318212323032e9
